keyword_id,keyword_text,tool_slug,tool_name_en,category_code,market_code,country_name_en,locale,research_wave,search_intent,page_type,candidate_status,localization_status,heuristic_score,heuristic_priority,metric_provider,metric_collected_at,monthly_search_volume,cpc_micros,ads_competition,ads_competition_index,seo_difficulty,trend_index,metric_status
3,gerador de faturas online,invoice-generator,Invoice Generator,business_finance,BR,Brazil,pt-BR,1,transactional,tool_variant,editor_reviewed,serp_verified,94.2,P0,,,,,,,,,
5,gerador de faturas sem cadastro,invoice-generator,Invoice Generator,business_finance,BR,Brazil,pt-BR,1,transactional,tool_variant,editor_reviewed,serp_verified,94.2,P0,,,,,,,,,
63,generator invoice online,invoice-generator,Invoice Generator,business_finance,ID,Indonesia,id-ID,1,transactional,tool_variant,editor_reviewed,serp_verified,94.2,P0,,,,,,,,,
65,generator invoice tanpa daftar,invoice-generator,Invoice Generator,business_finance,ID,Indonesia,id-ID,1,transactional,tool_variant,editor_reviewed,serp_verified,94.2,P0,,,,,,,,,
14,請求書 作成 オンライン,invoice-generator,Invoice Generator,business_finance,JP,Japan,ja-JP,1,transactional,tool_variant,editor_reviewed,serp_verified,94.2,P0,,,,,,,,,
16,請求書 作成 登録不要,invoice-generator,Invoice Generator,business_finance,JP,Japan,ja-JP,1,transactional,tool_variant,editor_reviewed,serp_verified,94.2,P0,,,,,,,,,
24,인보이스 생성기 온라인,invoice-generator,Invoice Generator,business_finance,KR,South Korea,ko-KR,1,transactional,tool_variant,editor_reviewed,serp_verified,94.2,P0,,,,,,,,,
26,인보이스 생성기 회원가입 없이,invoice-generator,Invoice Generator,business_finance,KR,South Korea,ko-KR,1,transactional,tool_variant,editor_reviewed,serp_verified,94.2,P0,,,,,,,,,
73,tạo hóa đơn online,invoice-generator,Invoice Generator,business_finance,VN,Vietnam,vi-VN,1,transactional,tool_variant,editor_reviewed,serp_verified,94.2,P0,,,,,,,,,
75,tạo hóa đơn không cần đăng ký,invoice-generator,Invoice Generator,business_finance,VN,Vietnam,vi-VN,1,transactional,tool_variant,editor_reviewed,serp_verified,94.2,P0,,,,,,,,,
1,gerador de faturas,invoice-generator,Invoice Generator,business_finance,BR,Brazil,pt-BR,1,transactional,tool_core,serp_verified,serp_verified,93.2,P0,,,,,,,,,
4,gerador de faturas grátis online,invoice-generator,Invoice Generator,business_finance,BR,Brazil,pt-BR,1,transactional,tool_variant,editor_reviewed,serp_verified,93.2,P0,,,,,,,,,
6,melhor gerador de faturas,invoice-generator,Invoice Generator,business_finance,BR,Brazil,pt-BR,1,commercial,comparison,editor_reviewed,serp_verified,93.2,P0,,,,,,,,,
7,gerador de faturas rápido,invoice-generator,Invoice Generator,business_finance,BR,Brazil,pt-BR,1,transactional,tool_variant,editor_reviewed,serp_verified,93.2,P0,,,,,,,,,
8,gerador de faturas fácil,invoice-generator,Invoice Generator,business_finance,BR,Brazil,pt-BR,1,transactional,tool_variant,editor_reviewed,serp_verified,93.2,P0,,,,,,,,,
9,gerador de faturas para celular,invoice-generator,Invoice Generator,business_finance,BR,Brazil,pt-BR,1,transactional,tool_variant,editor_reviewed,serp_verified,93.2,P0,,,,,,,,,
61,generator invoice,invoice-generator,Invoice Generator,business_finance,ID,Indonesia,id-ID,1,transactional,tool_core,serp_verified,serp_verified,93.2,P0,,,,,,,,,
62,generator invoice gratis,invoice-generator,Invoice Generator,business_finance,ID,Indonesia,id-ID,1,transactional,tool_variant,editor_reviewed,serp_verified,93.2,P0,,,,,,,,,
64,generator invoice gratis online,invoice-generator,Invoice Generator,business_finance,ID,Indonesia,id-ID,1,transactional,tool_variant,editor_reviewed,serp_verified,93.2,P0,,,,,,,,,
67,aplikasi generator invoice,invoice-generator,Invoice Generator,business_finance,ID,Indonesia,id-ID,1,commercial,comparison,editor_reviewed,serp_verified,93.2,P0,,,,,,,,,
68,generator invoice cepat,invoice-generator,Invoice Generator,business_finance,ID,Indonesia,id-ID,1,transactional,tool_variant,editor_reviewed,serp_verified,93.2,P0,,,,,,,,,
69,generator invoice mudah,invoice-generator,Invoice Generator,business_finance,ID,Indonesia,id-ID,1,transactional,tool_variant,editor_reviewed,serp_verified,93.2,P0,,,,,,,,,
70,generator invoice di HP,invoice-generator,Invoice Generator,business_finance,ID,Indonesia,id-ID,1,transactional,tool_variant,editor_reviewed,serp_verified,93.2,P0,,,,,,,,,
11,請求書 作成,invoice-generator,Invoice Generator,business_finance,JP,Japan,ja-JP,1,transactional,tool_core,serp_verified,serp_verified,93.2,P0,,,,,,,,,
12,請求書 作成 無料,invoice-generator,Invoice Generator,business_finance,JP,Japan,ja-JP,1,transactional,tool_variant,editor_reviewed,serp_verified,93.2,P0,,,,,,,,,
15,請求書 作成 ブラウザ,invoice-generator,Invoice Generator,business_finance,JP,Japan,ja-JP,1,transactional,tool_variant,editor_reviewed,serp_verified,93.2,P0,,,,,,,,,
17,請求書 作成 スマホ,invoice-generator,Invoice Generator,business_finance,JP,Japan,ja-JP,1,transactional,tool_variant,editor_reviewed,serp_verified,93.2,P0,,,,,,,,,
18,簡単 請求書 作成,invoice-generator,Invoice Generator,business_finance,JP,Japan,ja-JP,1,transactional,tool_variant,editor_reviewed,serp_verified,93.2,P0,,,,,,,,,
20,おすすめ 請求書 作成,invoice-generator,Invoice Generator,business_finance,JP,Japan,ja-JP,1,commercial,comparison,editor_reviewed,serp_verified,93.2,P0,,,,,,,,,
21,인보이스 생성기,invoice-generator,Invoice Generator,business_finance,KR,South Korea,ko-KR,1,transactional,tool_core,serp_verified,serp_verified,93.2,P0,,,,,,,,,
22,무료 인보이스 생성기,invoice-generator,Invoice Generator,business_finance,KR,South Korea,ko-KR,1,transactional,tool_variant,editor_reviewed,serp_verified,93.2,P0,,,,,,,,,
25,인보이스 생성기 사이트,invoice-generator,Invoice Generator,business_finance,KR,South Korea,ko-KR,1,commercial,comparison,editor_reviewed,serp_verified,93.2,P0,,,,,,,,,
27,인보이스 생성기 모바일,invoice-generator,Invoice Generator,business_finance,KR,South Korea,ko-KR,1,transactional,tool_variant,editor_reviewed,serp_verified,93.2,P0,,,,,,,,,
28,간편 인보이스 생성기,invoice-generator,Invoice Generator,business_finance,KR,South Korea,ko-KR,1,transactional,tool_variant,editor_reviewed,serp_verified,93.2,P0,,,,,,,,,
30,추천 인보이스 생성기,invoice-generator,Invoice Generator,business_finance,KR,South Korea,ko-KR,1,commercial,comparison,editor_reviewed,serp_verified,93.2,P0,,,,,,,,,
71,tạo hóa đơn,invoice-generator,Invoice Generator,business_finance,VN,Vietnam,vi-VN,1,transactional,tool_core,serp_verified,serp_verified,93.2,P0,,,,,,,,,
72,tạo hóa đơn miễn phí,invoice-generator,Invoice Generator,business_finance,VN,Vietnam,vi-VN,1,transactional,tool_variant,editor_reviewed,serp_verified,93.2,P0,,,,,,,,,
74,tạo hóa đơn miễn phí online,invoice-generator,Invoice Generator,business_finance,VN,Vietnam,vi-VN,1,transactional,tool_variant,editor_reviewed,serp_verified,93.2,P0,,,,,,,,,
76,công cụ tạo hóa đơn,invoice-generator,Invoice Generator,business_finance,VN,Vietnam,vi-VN,1,commercial,comparison,editor_reviewed,serp_verified,93.2,P0,,,,,,,,,
77,tạo hóa đơn nhanh,invoice-generator,Invoice Generator,business_finance,VN,Vietnam,vi-VN,1,transactional,tool_variant,editor_reviewed,serp_verified,93.2,P0,,,,,,,,,
78,tạo hóa đơn dễ dùng,invoice-generator,Invoice Generator,business_finance,VN,Vietnam,vi-VN,1,transactional,tool_variant,editor_reviewed,serp_verified,93.2,P0,,,,,,,,,
79,tạo hóa đơn trên điện thoại,invoice-generator,Invoice Generator,business_finance,VN,Vietnam,vi-VN,1,transactional,tool_variant,editor_reviewed,serp_verified,93.2,P0,,,,,,,,,
2,gerador de faturas grátis,invoice-generator,Invoice Generator,business_finance,BR,Brazil,pt-BR,1,transactional,tool_variant,editor_reviewed,serp_verified,92.2,P0,,,,,,,,,
13,無料 請求書 作成,invoice-generator,Invoice Generator,business_finance,JP,Japan,ja-JP,1,transactional,tool_variant,editor_reviewed,serp_verified,92.2,P0,,,,,,,,,
23,인보이스 생성기 무료,invoice-generator,Invoice Generator,business_finance,KR,South Korea,ko-KR,1,transactional,tool_variant,editor_reviewed,serp_verified,92.2,P0,,,,,,,,,
34,Rechnung erstellen online,invoice-generator,Invoice Generator,business_finance,DE,Germany,de-DE,2,transactional,tool_variant,editor_reviewed,editor_reviewed,91.4,P0,,,,,,,,,
36,Rechnung erstellen ohne Anmeldung,invoice-generator,Invoice Generator,business_finance,DE,Germany,de-DE,2,transactional,tool_variant,editor_reviewed,editor_reviewed,91.4,P0,,,,,,,,,
53,generador de facturas online,invoice-generator,Invoice Generator,business_finance,ES,Spain,es-ES,2,transactional,tool_variant,editor_reviewed,editor_reviewed,91.4,P0,,,,,,,,,
55,generador de facturas sin registro,invoice-generator,Invoice Generator,business_finance,ES,Spain,es-ES,2,transactional,tool_variant,editor_reviewed,editor_reviewed,91.4,P0,,,,,,,,,
43,générateur de facture en ligne,invoice-generator,Invoice Generator,business_finance,FR,France,fr-FR,2,transactional,tool_variant,editor_reviewed,editor_reviewed,91.4,P0,,,,,,,,,
45,générateur de facture sans inscription,invoice-generator,Invoice Generator,business_finance,FR,France,fr-FR,2,transactional,tool_variant,editor_reviewed,editor_reviewed,91.4,P0,,,,,,,,,
83,สร้างใบแจ้งหนี้ ออนไลน์,invoice-generator,Invoice Generator,business_finance,TH,Thailand,th-TH,2,transactional,tool_variant,editor_reviewed,editor_reviewed,91.4,P0,,,,,,,,,
85,สร้างใบแจ้งหนี้ ไม่ต้องสมัคร,invoice-generator,Invoice Generator,business_finance,TH,Thailand,th-TH,2,transactional,tool_variant,editor_reviewed,editor_reviewed,91.4,P0,,,,,,,,,
93,online fatura oluşturucu,invoice-generator,Invoice Generator,business_finance,TR,Turkey,tr-TR,2,transactional,tool_variant,editor_reviewed,editor_reviewed,91.4,P0,,,,,,,,,
95,üyeliksiz fatura oluşturucu,invoice-generator,Invoice Generator,business_finance,TR,Turkey,tr-TR,2,transactional,tool_variant,editor_reviewed,editor_reviewed,91.4,P0,,,,,,,,,
10,como usar gerador de faturas,invoice-generator,Invoice Generator,business_finance,BR,Brazil,pt-BR,1,informational,guide,editor_reviewed,serp_verified,91.2,P0,,,,,,,,,
66,cara generator invoice,invoice-generator,Invoice Generator,business_finance,ID,Indonesia,id-ID,1,informational,guide,editor_reviewed,serp_verified,91.2,P0,,,,,,,,,
19,請求書 作成 使い方,invoice-generator,Invoice Generator,business_finance,JP,Japan,ja-JP,1,informational,guide,editor_reviewed,serp_verified,91.2,P0,,,,,,,,,
29,인보이스 생성기 사용법,invoice-generator,Invoice Generator,business_finance,KR,South Korea,ko-KR,1,informational,guide,editor_reviewed,serp_verified,91.2,P0,,,,,,,,,
80,cách tạo hóa đơn,invoice-generator,Invoice Generator,business_finance,VN,Vietnam,vi-VN,1,informational,guide,editor_reviewed,serp_verified,91.2,P0,,,,,,,,,
403,gerador de QR Code online,qr-code-generator,QR Code Generator,marketing_seo,BR,Brazil,pt-BR,1,transactional,tool_variant,editor_reviewed,serp_verified,91.0,P0,,,,,,,,,
405,gerador de QR Code sem cadastro,qr-code-generator,QR Code Generator,marketing_seo,BR,Brazil,pt-BR,1,transactional,tool_variant,editor_reviewed,serp_verified,91.0,P0,,,,,,,,,
463,generator kode QR online,qr-code-generator,QR Code Generator,marketing_seo,ID,Indonesia,id-ID,1,transactional,tool_variant,editor_reviewed,serp_verified,91.0,P0,,,,,,,,,
465,generator kode QR tanpa daftar,qr-code-generator,QR Code Generator,marketing_seo,ID,Indonesia,id-ID,1,transactional,tool_variant,editor_reviewed,serp_verified,91.0,P0,,,,,,,,,
414,QRコード 作成 オンライン,qr-code-generator,QR Code Generator,marketing_seo,JP,Japan,ja-JP,1,transactional,tool_variant,editor_reviewed,serp_verified,91.0,P0,,,,,,,,,
416,QRコード 作成 登録不要,qr-code-generator,QR Code Generator,marketing_seo,JP,Japan,ja-JP,1,transactional,tool_variant,editor_reviewed,serp_verified,91.0,P0,,,,,,,,,
424,QR 코드 생성기 온라인,qr-code-generator,QR Code Generator,marketing_seo,KR,South Korea,ko-KR,1,transactional,tool_variant,editor_reviewed,serp_verified,91.0,P0,,,,,,,,,
426,QR 코드 생성기 회원가입 없이,qr-code-generator,QR Code Generator,marketing_seo,KR,South Korea,ko-KR,1,transactional,tool_variant,editor_reviewed,serp_verified,91.0,P0,,,,,,,,,
473,tạo mã QR online,qr-code-generator,QR Code Generator,marketing_seo,VN,Vietnam,vi-VN,1,transactional,tool_variant,editor_reviewed,serp_verified,91.0,P0,,,,,,,,,
475,tạo mã QR không cần đăng ký,qr-code-generator,QR Code Generator,marketing_seo,VN,Vietnam,vi-VN,1,transactional,tool_variant,editor_reviewed,serp_verified,91.0,P0,,,,,,,,,
31,Rechnung erstellen,invoice-generator,Invoice Generator,business_finance,DE,Germany,de-DE,2,transactional,tool_core,editor_reviewed,editor_reviewed,90.4,P0,,,,,,,,,
32,Rechnung erstellen kostenlos,invoice-generator,Invoice Generator,business_finance,DE,Germany,de-DE,2,transactional,tool_variant,editor_reviewed,editor_reviewed,90.4,P0,,,,,,,,,
35,Rechnung erstellen kostenlos online,invoice-generator,Invoice Generator,business_finance,DE,Germany,de-DE,2,transactional,tool_variant,editor_reviewed,editor_reviewed,90.4,P0,,,,,,,,,
37,Rechnung erstellen im Browser,invoice-generator,Invoice Generator,business_finance,DE,Germany,de-DE,2,transactional,tool_variant,editor_reviewed,editor_reviewed,90.4,P0,,,,,,,,,
38,einfach Rechnung erstellen,invoice-generator,Invoice Generator,business_finance,DE,Germany,de-DE,2,transactional,tool_variant,editor_reviewed,editor_reviewed,90.4,P0,,,,,,,,,
39,Rechnung erstellen mobil,invoice-generator,Invoice Generator,business_finance,DE,Germany,de-DE,2,transactional,tool_variant,editor_reviewed,editor_reviewed,90.4,P0,,,,,,,,,
40,Rechnung erstellen Tool,invoice-generator,Invoice Generator,business_finance,DE,Germany,de-DE,2,commercial,comparison,editor_reviewed,editor_reviewed,90.4,P0,,,,,,,,,
51,generador de facturas,invoice-generator,Invoice Generator,business_finance,ES,Spain,es-ES,2,transactional,tool_core,editor_reviewed,editor_reviewed,90.4,P0,,,,,,,,,
52,generador de facturas gratis,invoice-generator,Invoice Generator,business_finance,ES,Spain,es-ES,2,transactional,tool_variant,editor_reviewed,editor_reviewed,90.4,P0,,,,,,,,,
54,generador de facturas gratis online,invoice-generator,Invoice Generator,business_finance,ES,Spain,es-ES,2,transactional,tool_variant,editor_reviewed,editor_reviewed,90.4,P0,,,,,,,,,
56,herramienta generador de facturas,invoice-generator,Invoice Generator,business_finance,ES,Spain,es-ES,2,commercial,comparison,editor_reviewed,editor_reviewed,90.4,P0,,,,,,,,,
57,generador de facturas fácil,invoice-generator,Invoice Generator,business_finance,ES,Spain,es-ES,2,transactional,tool_variant,editor_reviewed,editor_reviewed,90.4,P0,,,,,,,,,
58,generador de facturas rápido,invoice-generator,Invoice Generator,business_finance,ES,Spain,es-ES,2,transactional,tool_variant,editor_reviewed,editor_reviewed,90.4,P0,,,,,,,,,
59,generador de facturas móvil,invoice-generator,Invoice Generator,business_finance,ES,Spain,es-ES,2,transactional,tool_variant,editor_reviewed,editor_reviewed,90.4,P0,,,,,,,,,
60,mejor generador de facturas,invoice-generator,Invoice Generator,business_finance,ES,Spain,es-ES,2,commercial,comparison,editor_reviewed,editor_reviewed,90.4,P0,,,,,,,,,
41,générateur de facture,invoice-generator,Invoice Generator,business_finance,FR,France,fr-FR,2,transactional,tool_core,editor_reviewed,editor_reviewed,90.4,P0,,,,,,,,,
42,générateur de facture gratuit,invoice-generator,Invoice Generator,business_finance,FR,France,fr-FR,2,transactional,tool_variant,editor_reviewed,editor_reviewed,90.4,P0,,,,,,,,,
44,générateur de facture gratuit en ligne,invoice-generator,Invoice Generator,business_finance,FR,France,fr-FR,2,transactional,tool_variant,editor_reviewed,editor_reviewed,90.4,P0,,,,,,,,,
46,outil générateur de facture,invoice-generator,Invoice Generator,business_finance,FR,France,fr-FR,2,commercial,comparison,editor_reviewed,editor_reviewed,90.4,P0,,,,,,,,,
47,générateur de facture facile,invoice-generator,Invoice Generator,business_finance,FR,France,fr-FR,2,transactional,tool_variant,editor_reviewed,editor_reviewed,90.4,P0,,,,,,,,,
48,générateur de facture rapide,invoice-generator,Invoice Generator,business_finance,FR,France,fr-FR,2,transactional,tool_variant,editor_reviewed,editor_reviewed,90.4,P0,,,,,,,,,
49,générateur de facture mobile,invoice-generator,Invoice Generator,business_finance,FR,France,fr-FR,2,transactional,tool_variant,editor_reviewed,editor_reviewed,90.4,P0,,,,,,,,,
50,meilleur générateur de facture,invoice-generator,Invoice Generator,business_finance,FR,France,fr-FR,2,commercial,comparison,editor_reviewed,editor_reviewed,90.4,P0,,,,,,,,,
81,สร้างใบแจ้งหนี้,invoice-generator,Invoice Generator,business_finance,TH,Thailand,th-TH,2,transactional,tool_core,editor_reviewed,editor_reviewed,90.4,P0,,,,,,,,,
82,สร้างใบแจ้งหนี้ ฟรี,invoice-generator,Invoice Generator,business_finance,TH,Thailand,th-TH,2,transactional,tool_variant,editor_reviewed,editor_reviewed,90.4,P0,,,,,,,,,
84,สร้างใบแจ้งหนี้ ฟรี ออนไลน์,invoice-generator,Invoice Generator,business_finance,TH,Thailand,th-TH,2,transactional,tool_variant,editor_reviewed,editor_reviewed,90.4,P0,,,,,,,,,
86,เครื่องมือ สร้างใบแจ้งหนี้,invoice-generator,Invoice Generator,business_finance,TH,Thailand,th-TH,2,commercial,comparison,editor_reviewed,editor_reviewed,90.4,P0,,,,,,,,,
87,สร้างใบแจ้งหนี้ ง่ายๆ,invoice-generator,Invoice Generator,business_finance,TH,Thailand,th-TH,2,transactional,tool_variant,editor_reviewed,editor_reviewed,90.4,P0,,,,,,,,,
88,สร้างใบแจ้งหนี้ รวดเร็ว,invoice-generator,Invoice Generator,business_finance,TH,Thailand,th-TH,2,transactional,tool_variant,editor_reviewed,editor_reviewed,90.4,P0,,,,,,,,,
89,สร้างใบแจ้งหนี้ บนมือถือ,invoice-generator,Invoice Generator,business_finance,TH,Thailand,th-TH,2,transactional,tool_variant,editor_reviewed,editor_reviewed,90.4,P0,,,,,,,,,
91,fatura oluşturucu,invoice-generator,Invoice Generator,business_finance,TR,Turkey,tr-TR,2,transactional,tool_core,editor_reviewed,editor_reviewed,90.4,P0,,,,,,,,,
92,ücretsiz fatura oluşturucu,invoice-generator,Invoice Generator,business_finance,TR,Turkey,tr-TR,2,transactional,tool_variant,editor_reviewed,editor_reviewed,90.4,P0,,,,,,,,,
94,ücretsiz online fatura oluşturucu,invoice-generator,Invoice Generator,business_finance,TR,Turkey,tr-TR,2,transactional,tool_variant,editor_reviewed,editor_reviewed,90.4,P0,,,,,,,,,
96,fatura oluşturucu aracı,invoice-generator,Invoice Generator,business_finance,TR,Turkey,tr-TR,2,commercial,comparison,editor_reviewed,editor_reviewed,90.4,P0,,,,,,,,,
97,kolay fatura oluşturucu,invoice-generator,Invoice Generator,business_finance,TR,Turkey,tr-TR,2,transactional,tool_variant,editor_reviewed,editor_reviewed,90.4,P0,,,,,,,,,
98,hızlı fatura oluşturucu,invoice-generator,Invoice Generator,business_finance,TR,Turkey,tr-TR,2,transactional,tool_variant,editor_reviewed,editor_reviewed,90.4,P0,,,,,,,,,
99,mobil fatura oluşturucu,invoice-generator,Invoice Generator,business_finance,TR,Turkey,tr-TR,2,transactional,tool_variant,editor_reviewed,editor_reviewed,90.4,P0,,,,,,,,,
401,gerador de QR Code,qr-code-generator,QR Code Generator,marketing_seo,BR,Brazil,pt-BR,1,transactional,tool_core,serp_verified,serp_verified,90.0,P0,,,,,,,,,
404,gerador de QR Code grátis online,qr-code-generator,QR Code Generator,marketing_seo,BR,Brazil,pt-BR,1,transactional,tool_variant,editor_reviewed,serp_verified,90.0,P0,,,,,,,,,
406,melhor gerador de QR Code,qr-code-generator,QR Code Generator,marketing_seo,BR,Brazil,pt-BR,1,commercial,comparison,editor_reviewed,serp_verified,90.0,P0,,,,,,,,,
407,gerador de QR Code rápido,qr-code-generator,QR Code Generator,marketing_seo,BR,Brazil,pt-BR,1,transactional,tool_variant,editor_reviewed,serp_verified,90.0,P0,,,,,,,,,
408,gerador de QR Code fácil,qr-code-generator,QR Code Generator,marketing_seo,BR,Brazil,pt-BR,1,transactional,tool_variant,editor_reviewed,serp_verified,90.0,P0,,,,,,,,,
409,gerador de QR Code para celular,qr-code-generator,QR Code Generator,marketing_seo,BR,Brazil,pt-BR,1,transactional,tool_variant,editor_reviewed,serp_verified,90.0,P0,,,,,,,,,
461,generator kode QR,qr-code-generator,QR Code Generator,marketing_seo,ID,Indonesia,id-ID,1,transactional,tool_core,serp_verified,serp_verified,90.0,P0,,,,,,,,,
462,generator kode QR gratis,qr-code-generator,QR Code Generator,marketing_seo,ID,Indonesia,id-ID,1,transactional,tool_variant,editor_reviewed,serp_verified,90.0,P0,,,,,,,,,
464,generator kode QR gratis online,qr-code-generator,QR Code Generator,marketing_seo,ID,Indonesia,id-ID,1,transactional,tool_variant,editor_reviewed,serp_verified,90.0,P0,,,,,,,,,
467,aplikasi generator kode QR,qr-code-generator,QR Code Generator,marketing_seo,ID,Indonesia,id-ID,1,commercial,comparison,editor_reviewed,serp_verified,90.0,P0,,,,,,,,,
468,generator kode QR cepat,qr-code-generator,QR Code Generator,marketing_seo,ID,Indonesia,id-ID,1,transactional,tool_variant,editor_reviewed,serp_verified,90.0,P0,,,,,,,,,
469,generator kode QR mudah,qr-code-generator,QR Code Generator,marketing_seo,ID,Indonesia,id-ID,1,transactional,tool_variant,editor_reviewed,serp_verified,90.0,P0,,,,,,,,,
470,generator kode QR di HP,qr-code-generator,QR Code Generator,marketing_seo,ID,Indonesia,id-ID,1,transactional,tool_variant,editor_reviewed,serp_verified,90.0,P0,,,,,,,,,
411,QRコード 作成,qr-code-generator,QR Code Generator,marketing_seo,JP,Japan,ja-JP,1,transactional,tool_core,serp_verified,serp_verified,90.0,P0,,,,,,,,,
412,QRコード 作成 無料,qr-code-generator,QR Code Generator,marketing_seo,JP,Japan,ja-JP,1,transactional,tool_variant,editor_reviewed,serp_verified,90.0,P0,,,,,,,,,
415,QRコード 作成 ブラウザ,qr-code-generator,QR Code Generator,marketing_seo,JP,Japan,ja-JP,1,transactional,tool_variant,editor_reviewed,serp_verified,90.0,P0,,,,,,,,,
417,QRコード 作成 スマホ,qr-code-generator,QR Code Generator,marketing_seo,JP,Japan,ja-JP,1,transactional,tool_variant,editor_reviewed,serp_verified,90.0,P0,,,,,,,,,
418,簡単 QRコード 作成,qr-code-generator,QR Code Generator,marketing_seo,JP,Japan,ja-JP,1,transactional,tool_variant,editor_reviewed,serp_verified,90.0,P0,,,,,,,,,
420,おすすめ QRコード 作成,qr-code-generator,QR Code Generator,marketing_seo,JP,Japan,ja-JP,1,commercial,comparison,editor_reviewed,serp_verified,90.0,P0,,,,,,,,,
421,QR 코드 생성기,qr-code-generator,QR Code Generator,marketing_seo,KR,South Korea,ko-KR,1,transactional,tool_core,serp_verified,serp_verified,90.0,P0,,,,,,,,,
422,무료 QR 코드 생성기,qr-code-generator,QR Code Generator,marketing_seo,KR,South Korea,ko-KR,1,transactional,tool_variant,editor_reviewed,serp_verified,90.0,P0,,,,,,,,,
425,QR 코드 생성기 사이트,qr-code-generator,QR Code Generator,marketing_seo,KR,South Korea,ko-KR,1,commercial,comparison,editor_reviewed,serp_verified,90.0,P0,,,,,,,,,
427,QR 코드 생성기 모바일,qr-code-generator,QR Code Generator,marketing_seo,KR,South Korea,ko-KR,1,transactional,tool_variant,editor_reviewed,serp_verified,90.0,P0,,,,,,,,,
428,간편 QR 코드 생성기,qr-code-generator,QR Code Generator,marketing_seo,KR,South Korea,ko-KR,1,transactional,tool_variant,editor_reviewed,serp_verified,90.0,P0,,,,,,,,,
430,추천 QR 코드 생성기,qr-code-generator,QR Code Generator,marketing_seo,KR,South Korea,ko-KR,1,commercial,comparison,editor_reviewed,serp_verified,90.0,P0,,,,,,,,,
471,tạo mã QR,qr-code-generator,QR Code Generator,marketing_seo,VN,Vietnam,vi-VN,1,transactional,tool_core,serp_verified,serp_verified,90.0,P0,,,,,,,,,
472,tạo mã QR miễn phí,qr-code-generator,QR Code Generator,marketing_seo,VN,Vietnam,vi-VN,1,transactional,tool_variant,editor_reviewed,serp_verified,90.0,P0,,,,,,,,,
474,tạo mã QR miễn phí online,qr-code-generator,QR Code Generator,marketing_seo,VN,Vietnam,vi-VN,1,transactional,tool_variant,editor_reviewed,serp_verified,90.0,P0,,,,,,,,,
476,công cụ tạo mã QR,qr-code-generator,QR Code Generator,marketing_seo,VN,Vietnam,vi-VN,1,commercial,comparison,editor_reviewed,serp_verified,90.0,P0,,,,,,,,,
477,tạo mã QR nhanh,qr-code-generator,QR Code Generator,marketing_seo,VN,Vietnam,vi-VN,1,transactional,tool_variant,editor_reviewed,serp_verified,90.0,P0,,,,,,,,,
478,tạo mã QR dễ dùng,qr-code-generator,QR Code Generator,marketing_seo,VN,Vietnam,vi-VN,1,transactional,tool_variant,editor_reviewed,serp_verified,90.0,P0,,,,,,,,,
479,tạo mã QR trên điện thoại,qr-code-generator,QR Code Generator,marketing_seo,VN,Vietnam,vi-VN,1,transactional,tool_variant,editor_reviewed,serp_verified,90.0,P0,,,,,,,,,
33,kostenlos Rechnung erstellen,invoice-generator,Invoice Generator,business_finance,DE,Germany,de-DE,2,transactional,tool_variant,editor_reviewed,editor_reviewed,89.4,P0,,,,,,,,,
402,gerador de QR Code grátis,qr-code-generator,QR Code Generator,marketing_seo,BR,Brazil,pt-BR,1,transactional,tool_variant,editor_reviewed,serp_verified,89.0,P0,,,,,,,,,
413,無料 QRコード 作成,qr-code-generator,QR Code Generator,marketing_seo,JP,Japan,ja-JP,1,transactional,tool_variant,editor_reviewed,serp_verified,89.0,P0,,,,,,,,,
423,QR 코드 생성기 무료,qr-code-generator,QR Code Generator,marketing_seo,KR,South Korea,ko-KR,1,transactional,tool_variant,editor_reviewed,serp_verified,89.0,P0,,,,,,,,,
90,วิธี สร้างใบแจ้งหนี้,invoice-generator,Invoice Generator,business_finance,TH,Thailand,th-TH,2,informational,guide,editor_reviewed,editor_reviewed,88.4,P0,,,,,,,,,
100,fatura oluşturucu nasıl yapılır,invoice-generator,Invoice Generator,business_finance,TR,Turkey,tr-TR,2,informational,guide,editor_reviewed,editor_reviewed,88.4,P0,,,,,,,,,
434,QR-Code erstellen online,qr-code-generator,QR Code Generator,marketing_seo,DE,Germany,de-DE,2,transactional,tool_variant,editor_reviewed,editor_reviewed,88.2,P0,,,,,,,,,
436,QR-Code erstellen ohne Anmeldung,qr-code-generator,QR Code Generator,marketing_seo,DE,Germany,de-DE,2,transactional,tool_variant,editor_reviewed,editor_reviewed,88.2,P0,,,,,,,,,
453,generador de código QR online,qr-code-generator,QR Code Generator,marketing_seo,ES,Spain,es-ES,2,transactional,tool_variant,editor_reviewed,editor_reviewed,88.2,P0,,,,,,,,,
455,generador de código QR sin registro,qr-code-generator,QR Code Generator,marketing_seo,ES,Spain,es-ES,2,transactional,tool_variant,editor_reviewed,editor_reviewed,88.2,P0,,,,,,,,,
443,générateur de QR code en ligne,qr-code-generator,QR Code Generator,marketing_seo,FR,France,fr-FR,2,transactional,tool_variant,editor_reviewed,editor_reviewed,88.2,P0,,,,,,,,,
445,générateur de QR code sans inscription,qr-code-generator,QR Code Generator,marketing_seo,FR,France,fr-FR,2,transactional,tool_variant,editor_reviewed,editor_reviewed,88.2,P0,,,,,,,,,
483,สร้าง QR Code ออนไลน์,qr-code-generator,QR Code Generator,marketing_seo,TH,Thailand,th-TH,2,transactional,tool_variant,editor_reviewed,editor_reviewed,88.2,P0,,,,,,,,,
485,สร้าง QR Code ไม่ต้องสมัคร,qr-code-generator,QR Code Generator,marketing_seo,TH,Thailand,th-TH,2,transactional,tool_variant,editor_reviewed,editor_reviewed,88.2,P0,,,,,,,,,
493,online QR kod oluşturucu,qr-code-generator,QR Code Generator,marketing_seo,TR,Turkey,tr-TR,2,transactional,tool_variant,editor_reviewed,editor_reviewed,88.2,P0,,,,,,,,,
495,üyeliksiz QR kod oluşturucu,qr-code-generator,QR Code Generator,marketing_seo,TR,Turkey,tr-TR,2,transactional,tool_variant,editor_reviewed,editor_reviewed,88.2,P0,,,,,,,,,
410,como usar gerador de QR Code,qr-code-generator,QR Code Generator,marketing_seo,BR,Brazil,pt-BR,1,informational,guide,editor_reviewed,serp_verified,88.0,P0,,,,,,,,,
466,cara generator kode QR,qr-code-generator,QR Code Generator,marketing_seo,ID,Indonesia,id-ID,1,informational,guide,editor_reviewed,serp_verified,88.0,P0,,,,,,,,,
419,QRコード 作成 使い方,qr-code-generator,QR Code Generator,marketing_seo,JP,Japan,ja-JP,1,informational,guide,editor_reviewed,serp_verified,88.0,P0,,,,,,,,,
429,QR 코드 생성기 사용법,qr-code-generator,QR Code Generator,marketing_seo,KR,South Korea,ko-KR,1,informational,guide,editor_reviewed,serp_verified,88.0,P0,,,,,,,,,
480,cách tạo mã QR,qr-code-generator,QR Code Generator,marketing_seo,VN,Vietnam,vi-VN,1,informational,guide,editor_reviewed,serp_verified,88.0,P0,,,,,,,,,
431,QR-Code erstellen,qr-code-generator,QR Code Generator,marketing_seo,DE,Germany,de-DE,2,transactional,tool_core,editor_reviewed,editor_reviewed,87.2,P0,,,,,,,,,
432,QR-Code erstellen kostenlos,qr-code-generator,QR Code Generator,marketing_seo,DE,Germany,de-DE,2,transactional,tool_variant,editor_reviewed,editor_reviewed,87.2,P0,,,,,,,,,
435,QR-Code erstellen kostenlos online,qr-code-generator,QR Code Generator,marketing_seo,DE,Germany,de-DE,2,transactional,tool_variant,editor_reviewed,editor_reviewed,87.2,P0,,,,,,,,,
437,QR-Code erstellen im Browser,qr-code-generator,QR Code Generator,marketing_seo,DE,Germany,de-DE,2,transactional,tool_variant,editor_reviewed,editor_reviewed,87.2,P0,,,,,,,,,
438,einfach QR-Code erstellen,qr-code-generator,QR Code Generator,marketing_seo,DE,Germany,de-DE,2,transactional,tool_variant,editor_reviewed,editor_reviewed,87.2,P0,,,,,,,,,
439,QR-Code erstellen mobil,qr-code-generator,QR Code Generator,marketing_seo,DE,Germany,de-DE,2,transactional,tool_variant,editor_reviewed,editor_reviewed,87.2,P0,,,,,,,,,
440,QR-Code erstellen Tool,qr-code-generator,QR Code Generator,marketing_seo,DE,Germany,de-DE,2,commercial,comparison,editor_reviewed,editor_reviewed,87.2,P0,,,,,,,,,
451,generador de código QR,qr-code-generator,QR Code Generator,marketing_seo,ES,Spain,es-ES,2,transactional,tool_core,editor_reviewed,editor_reviewed,87.2,P0,,,,,,,,,
452,generador de código QR gratis,qr-code-generator,QR Code Generator,marketing_seo,ES,Spain,es-ES,2,transactional,tool_variant,editor_reviewed,editor_reviewed,87.2,P0,,,,,,,,,
454,generador de código QR gratis online,qr-code-generator,QR Code Generator,marketing_seo,ES,Spain,es-ES,2,transactional,tool_variant,editor_reviewed,editor_reviewed,87.2,P0,,,,,,,,,
456,herramienta generador de código QR,qr-code-generator,QR Code Generator,marketing_seo,ES,Spain,es-ES,2,commercial,comparison,editor_reviewed,editor_reviewed,87.2,P0,,,,,,,,,
457,generador de código QR fácil,qr-code-generator,QR Code Generator,marketing_seo,ES,Spain,es-ES,2,transactional,tool_variant,editor_reviewed,editor_reviewed,87.2,P0,,,,,,,,,
458,generador de código QR rápido,qr-code-generator,QR Code Generator,marketing_seo,ES,Spain,es-ES,2,transactional,tool_variant,editor_reviewed,editor_reviewed,87.2,P0,,,,,,,,,
459,generador de código QR móvil,qr-code-generator,QR Code Generator,marketing_seo,ES,Spain,es-ES,2,transactional,tool_variant,editor_reviewed,editor_reviewed,87.2,P0,,,,,,,,,
460,mejor generador de código QR,qr-code-generator,QR Code Generator,marketing_seo,ES,Spain,es-ES,2,commercial,comparison,editor_reviewed,editor_reviewed,87.2,P0,,,,,,,,,
441,générateur de QR code,qr-code-generator,QR Code Generator,marketing_seo,FR,France,fr-FR,2,transactional,tool_core,editor_reviewed,editor_reviewed,87.2,P0,,,,,,,,,
442,générateur de QR code gratuit,qr-code-generator,QR Code Generator,marketing_seo,FR,France,fr-FR,2,transactional,tool_variant,editor_reviewed,editor_reviewed,87.2,P0,,,,,,,,,
444,générateur de QR code gratuit en ligne,qr-code-generator,QR Code Generator,marketing_seo,FR,France,fr-FR,2,transactional,tool_variant,editor_reviewed,editor_reviewed,87.2,P0,,,,,,,,,
446,outil générateur de QR code,qr-code-generator,QR Code Generator,marketing_seo,FR,France,fr-FR,2,commercial,comparison,editor_reviewed,editor_reviewed,87.2,P0,,,,,,,,,
447,générateur de QR code facile,qr-code-generator,QR Code Generator,marketing_seo,FR,France,fr-FR,2,transactional,tool_variant,editor_reviewed,editor_reviewed,87.2,P0,,,,,,,,,
448,générateur de QR code rapide,qr-code-generator,QR Code Generator,marketing_seo,FR,France,fr-FR,2,transactional,tool_variant,editor_reviewed,editor_reviewed,87.2,P0,,,,,,,,,
449,générateur de QR code mobile,qr-code-generator,QR Code Generator,marketing_seo,FR,France,fr-FR,2,transactional,tool_variant,editor_reviewed,editor_reviewed,87.2,P0,,,,,,,,,
450,meilleur générateur de QR code,qr-code-generator,QR Code Generator,marketing_seo,FR,France,fr-FR,2,commercial,comparison,editor_reviewed,editor_reviewed,87.2,P0,,,,,,,,,
481,สร้าง QR Code,qr-code-generator,QR Code Generator,marketing_seo,TH,Thailand,th-TH,2,transactional,tool_core,editor_reviewed,editor_reviewed,87.2,P0,,,,,,,,,
482,สร้าง QR Code ฟรี,qr-code-generator,QR Code Generator,marketing_seo,TH,Thailand,th-TH,2,transactional,tool_variant,editor_reviewed,editor_reviewed,87.2,P0,,,,,,,,,
484,สร้าง QR Code ฟรี ออนไลน์,qr-code-generator,QR Code Generator,marketing_seo,TH,Thailand,th-TH,2,transactional,tool_variant,editor_reviewed,editor_reviewed,87.2,P0,,,,,,,,,
486,เครื่องมือ สร้าง QR Code,qr-code-generator,QR Code Generator,marketing_seo,TH,Thailand,th-TH,2,commercial,comparison,editor_reviewed,editor_reviewed,87.2,P0,,,,,,,,,
487,สร้าง QR Code ง่ายๆ,qr-code-generator,QR Code Generator,marketing_seo,TH,Thailand,th-TH,2,transactional,tool_variant,editor_reviewed,editor_reviewed,87.2,P0,,,,,,,,,
488,สร้าง QR Code รวดเร็ว,qr-code-generator,QR Code Generator,marketing_seo,TH,Thailand,th-TH,2,transactional,tool_variant,editor_reviewed,editor_reviewed,87.2,P0,,,,,,,,,
489,สร้าง QR Code บนมือถือ,qr-code-generator,QR Code Generator,marketing_seo,TH,Thailand,th-TH,2,transactional,tool_variant,editor_reviewed,editor_reviewed,87.2,P0,,,,,,,,,
491,QR kod oluşturucu,qr-code-generator,QR Code Generator,marketing_seo,TR,Turkey,tr-TR,2,transactional,tool_core,editor_reviewed,editor_reviewed,87.2,P0,,,,,,,,,
492,ücretsiz QR kod oluşturucu,qr-code-generator,QR Code Generator,marketing_seo,TR,Turkey,tr-TR,2,transactional,tool_variant,editor_reviewed,editor_reviewed,87.2,P0,,,,,,,,,
494,ücretsiz online QR kod oluşturucu,qr-code-generator,QR Code Generator,marketing_seo,TR,Turkey,tr-TR,2,transactional,tool_variant,editor_reviewed,editor_reviewed,87.2,P0,,,,,,,,,
496,QR kod oluşturucu aracı,qr-code-generator,QR Code Generator,marketing_seo,TR,Turkey,tr-TR,2,commercial,comparison,editor_reviewed,editor_reviewed,87.2,P0,,,,,,,,,
497,kolay QR kod oluşturucu,qr-code-generator,QR Code Generator,marketing_seo,TR,Turkey,tr-TR,2,transactional,tool_variant,editor_reviewed,editor_reviewed,87.2,P0,,,,,,,,,
498,hızlı QR kod oluşturucu,qr-code-generator,QR Code Generator,marketing_seo,TR,Turkey,tr-TR,2,transactional,tool_variant,editor_reviewed,editor_reviewed,87.2,P0,,,,,,,,,
499,mobil QR kod oluşturucu,qr-code-generator,QR Code Generator,marketing_seo,TR,Turkey,tr-TR,2,transactional,tool_variant,editor_reviewed,editor_reviewed,87.2,P0,,,,,,,,,
703,criador de currículo online,resume-builder,Resume Builder,career_hr,BR,Brazil,pt-BR,1,transactional,tool_variant,editor_reviewed,serp_verified,86.4,P0,,,,,,,,,
705,criador de currículo sem cadastro,resume-builder,Resume Builder,career_hr,BR,Brazil,pt-BR,1,transactional,tool_variant,editor_reviewed,serp_verified,86.4,P0,,,,,,,,,
763,pembuat CV online,resume-builder,Resume Builder,career_hr,ID,Indonesia,id-ID,1,transactional,tool_variant,editor_reviewed,serp_verified,86.4,P0,,,,,,,,,
765,pembuat CV tanpa daftar,resume-builder,Resume Builder,career_hr,ID,Indonesia,id-ID,1,transactional,tool_variant,editor_reviewed,serp_verified,86.4,P0,,,,,,,,,
714,履歴書 作成 オンライン,resume-builder,Resume Builder,career_hr,JP,Japan,ja-JP,1,transactional,tool_variant,editor_reviewed,serp_verified,86.4,P0,,,,,,,,,
716,履歴書 作成 登録不要,resume-builder,Resume Builder,career_hr,JP,Japan,ja-JP,1,transactional,tool_variant,editor_reviewed,serp_verified,86.4,P0,,,,,,,,,
724,이력서 작성 온라인,resume-builder,Resume Builder,career_hr,KR,South Korea,ko-KR,1,transactional,tool_variant,editor_reviewed,serp_verified,86.4,P0,,,,,,,,,
726,이력서 작성 회원가입 없이,resume-builder,Resume Builder,career_hr,KR,South Korea,ko-KR,1,transactional,tool_variant,editor_reviewed,serp_verified,86.4,P0,,,,,,,,,
773,tạo CV online,resume-builder,Resume Builder,career_hr,VN,Vietnam,vi-VN,1,transactional,tool_variant,editor_reviewed,serp_verified,86.4,P0,,,,,,,,,
775,tạo CV không cần đăng ký,resume-builder,Resume Builder,career_hr,VN,Vietnam,vi-VN,1,transactional,tool_variant,editor_reviewed,serp_verified,86.4,P0,,,,,,,,,
433,kostenlos QR-Code erstellen,qr-code-generator,QR Code Generator,marketing_seo,DE,Germany,de-DE,2,transactional,tool_variant,editor_reviewed,editor_reviewed,86.2,P0,,,,,,,,,
701,criador de currículo,resume-builder,Resume Builder,career_hr,BR,Brazil,pt-BR,1,transactional,tool_core,serp_verified,serp_verified,85.4,P0,,,,,,,,,
704,criador de currículo grátis online,resume-builder,Resume Builder,career_hr,BR,Brazil,pt-BR,1,transactional,tool_variant,editor_reviewed,serp_verified,85.4,P0,,,,,,,,,
706,melhor criador de currículo,resume-builder,Resume Builder,career_hr,BR,Brazil,pt-BR,1,commercial,comparison,editor_reviewed,serp_verified,85.4,P0,,,,,,,,,
707,criador de currículo rápido,resume-builder,Resume Builder,career_hr,BR,Brazil,pt-BR,1,transactional,tool_variant,editor_reviewed,serp_verified,85.4,P0,,,,,,,,,
708,criador de currículo fácil,resume-builder,Resume Builder,career_hr,BR,Brazil,pt-BR,1,transactional,tool_variant,editor_reviewed,serp_verified,85.4,P0,,,,,,,,,
709,criador de currículo para celular,resume-builder,Resume Builder,career_hr,BR,Brazil,pt-BR,1,transactional,tool_variant,editor_reviewed,serp_verified,85.4,P0,,,,,,,,,
761,pembuat CV,resume-builder,Resume Builder,career_hr,ID,Indonesia,id-ID,1,transactional,tool_core,serp_verified,serp_verified,85.4,P0,,,,,,,,,
762,pembuat CV gratis,resume-builder,Resume Builder,career_hr,ID,Indonesia,id-ID,1,transactional,tool_variant,editor_reviewed,serp_verified,85.4,P0,,,,,,,,,
764,pembuat CV gratis online,resume-builder,Resume Builder,career_hr,ID,Indonesia,id-ID,1,transactional,tool_variant,editor_reviewed,serp_verified,85.4,P0,,,,,,,,,
767,aplikasi pembuat CV,resume-builder,Resume Builder,career_hr,ID,Indonesia,id-ID,1,commercial,comparison,editor_reviewed,serp_verified,85.4,P0,,,,,,,,,
768,pembuat CV cepat,resume-builder,Resume Builder,career_hr,ID,Indonesia,id-ID,1,transactional,tool_variant,editor_reviewed,serp_verified,85.4,P0,,,,,,,,,
769,pembuat CV mudah,resume-builder,Resume Builder,career_hr,ID,Indonesia,id-ID,1,transactional,tool_variant,editor_reviewed,serp_verified,85.4,P0,,,,,,,,,
770,pembuat CV di HP,resume-builder,Resume Builder,career_hr,ID,Indonesia,id-ID,1,transactional,tool_variant,editor_reviewed,serp_verified,85.4,P0,,,,,,,,,
711,履歴書 作成,resume-builder,Resume Builder,career_hr,JP,Japan,ja-JP,1,transactional,tool_core,serp_verified,serp_verified,85.4,P0,,,,,,,,,
712,履歴書 作成 無料,resume-builder,Resume Builder,career_hr,JP,Japan,ja-JP,1,transactional,tool_variant,editor_reviewed,serp_verified,85.4,P0,,,,,,,,,
715,履歴書 作成 ブラウザ,resume-builder,Resume Builder,career_hr,JP,Japan,ja-JP,1,transactional,tool_variant,editor_reviewed,serp_verified,85.4,P0,,,,,,,,,
717,履歴書 作成 スマホ,resume-builder,Resume Builder,career_hr,JP,Japan,ja-JP,1,transactional,tool_variant,editor_reviewed,serp_verified,85.4,P0,,,,,,,,,
718,簡単 履歴書 作成,resume-builder,Resume Builder,career_hr,JP,Japan,ja-JP,1,transactional,tool_variant,editor_reviewed,serp_verified,85.4,P0,,,,,,,,,
720,おすすめ 履歴書 作成,resume-builder,Resume Builder,career_hr,JP,Japan,ja-JP,1,commercial,comparison,editor_reviewed,serp_verified,85.4,P0,,,,,,,,,
721,이력서 작성,resume-builder,Resume Builder,career_hr,KR,South Korea,ko-KR,1,transactional,tool_core,serp_verified,serp_verified,85.4,P0,,,,,,,,,
722,무료 이력서 작성,resume-builder,Resume Builder,career_hr,KR,South Korea,ko-KR,1,transactional,tool_variant,editor_reviewed,serp_verified,85.4,P0,,,,,,,,,
725,이력서 작성 사이트,resume-builder,Resume Builder,career_hr,KR,South Korea,ko-KR,1,commercial,comparison,editor_reviewed,serp_verified,85.4,P0,,,,,,,,,
727,이력서 작성 모바일,resume-builder,Resume Builder,career_hr,KR,South Korea,ko-KR,1,transactional,tool_variant,editor_reviewed,serp_verified,85.4,P0,,,,,,,,,
728,간편 이력서 작성,resume-builder,Resume Builder,career_hr,KR,South Korea,ko-KR,1,transactional,tool_variant,editor_reviewed,serp_verified,85.4,P0,,,,,,,,,
730,추천 이력서 작성,resume-builder,Resume Builder,career_hr,KR,South Korea,ko-KR,1,commercial,comparison,editor_reviewed,serp_verified,85.4,P0,,,,,,,,,
771,tạo CV,resume-builder,Resume Builder,career_hr,VN,Vietnam,vi-VN,1,transactional,tool_core,serp_verified,serp_verified,85.4,P0,,,,,,,,,
772,tạo CV miễn phí,resume-builder,Resume Builder,career_hr,VN,Vietnam,vi-VN,1,transactional,tool_variant,editor_reviewed,serp_verified,85.4,P0,,,,,,,,,
774,tạo CV miễn phí online,resume-builder,Resume Builder,career_hr,VN,Vietnam,vi-VN,1,transactional,tool_variant,editor_reviewed,serp_verified,85.4,P0,,,,,,,,,
776,công cụ tạo CV,resume-builder,Resume Builder,career_hr,VN,Vietnam,vi-VN,1,commercial,comparison,editor_reviewed,serp_verified,85.4,P0,,,,,,,,,
777,tạo CV nhanh,resume-builder,Resume Builder,career_hr,VN,Vietnam,vi-VN,1,transactional,tool_variant,editor_reviewed,serp_verified,85.4,P0,,,,,,,,,
778,tạo CV dễ dùng,resume-builder,Resume Builder,career_hr,VN,Vietnam,vi-VN,1,transactional,tool_variant,editor_reviewed,serp_verified,85.4,P0,,,,,,,,,
779,tạo CV trên điện thoại,resume-builder,Resume Builder,career_hr,VN,Vietnam,vi-VN,1,transactional,tool_variant,editor_reviewed,serp_verified,85.4,P0,,,,,,,,,
490,วิธี สร้าง QR Code,qr-code-generator,QR Code Generator,marketing_seo,TH,Thailand,th-TH,2,informational,guide,editor_reviewed,editor_reviewed,85.2,P0,,,,,,,,,
500,QR kod oluşturucu nasıl yapılır,qr-code-generator,QR Code Generator,marketing_seo,TR,Turkey,tr-TR,2,informational,guide,editor_reviewed,editor_reviewed,85.2,P0,,,,,,,,,
603,gerador de link WhatsApp online,whatsapp-link-generator,WhatsApp Link Generator,social_communication,BR,Brazil,pt-BR,1,transactional,tool_variant,editor_reviewed,serp_verified,85.0,P0,,,,,,,,,
605,gerador de link WhatsApp sem cadastro,whatsapp-link-generator,WhatsApp Link Generator,social_communication,BR,Brazil,pt-BR,1,transactional,tool_variant,editor_reviewed,serp_verified,85.0,P0,,,,,,,,,
663,buat link WhatsApp online,whatsapp-link-generator,WhatsApp Link Generator,social_communication,ID,Indonesia,id-ID,1,transactional,tool_variant,editor_reviewed,serp_verified,85.0,P0,,,,,,,,,
665,buat link WhatsApp tanpa daftar,whatsapp-link-generator,WhatsApp Link Generator,social_communication,ID,Indonesia,id-ID,1,transactional,tool_variant,editor_reviewed,serp_verified,85.0,P0,,,,,,,,,
614,WhatsApp リンク 作成 オンライン,whatsapp-link-generator,WhatsApp Link Generator,social_communication,JP,Japan,ja-JP,1,transactional,tool_variant,editor_reviewed,rejected,85.0,P0,,,,,,,,,
616,WhatsApp リンク 作成 登録不要,whatsapp-link-generator,WhatsApp Link Generator,social_communication,JP,Japan,ja-JP,1,transactional,tool_variant,editor_reviewed,rejected,85.0,P0,,,,,,,,,
624,WhatsApp 링크 생성 온라인,whatsapp-link-generator,WhatsApp Link Generator,social_communication,KR,South Korea,ko-KR,1,transactional,tool_variant,editor_reviewed,rejected,85.0,P0,,,,,,,,,
626,WhatsApp 링크 생성 회원가입 없이,whatsapp-link-generator,WhatsApp Link Generator,social_communication,KR,South Korea,ko-KR,1,transactional,tool_variant,editor_reviewed,rejected,85.0,P0,,,,,,,,,
673,tạo link WhatsApp online,whatsapp-link-generator,WhatsApp Link Generator,social_communication,VN,Vietnam,vi-VN,1,transactional,tool_variant,editor_reviewed,rejected,85.0,P0,,,,,,,,,
675,tạo link WhatsApp không cần đăng ký,whatsapp-link-generator,WhatsApp Link Generator,social_communication,VN,Vietnam,vi-VN,1,transactional,tool_variant,editor_reviewed,rejected,85.0,P0,,,,,,,,,
702,criador de currículo grátis,resume-builder,Resume Builder,career_hr,BR,Brazil,pt-BR,1,transactional,tool_variant,editor_reviewed,serp_verified,84.4,P0,,,,,,,,,
713,無料 履歴書 作成,resume-builder,Resume Builder,career_hr,JP,Japan,ja-JP,1,transactional,tool_variant,editor_reviewed,serp_verified,84.4,P0,,,,,,,,,
723,이력서 작성 무료,resume-builder,Resume Builder,career_hr,KR,South Korea,ko-KR,1,transactional,tool_variant,editor_reviewed,serp_verified,84.4,P0,,,,,,,,,
601,gerador de link WhatsApp,whatsapp-link-generator,WhatsApp Link Generator,social_communication,BR,Brazil,pt-BR,1,transactional,tool_core,serp_verified,serp_verified,84.0,P0,,,,,,,,,
604,gerador de link WhatsApp grátis online,whatsapp-link-generator,WhatsApp Link Generator,social_communication,BR,Brazil,pt-BR,1,transactional,tool_variant,editor_reviewed,serp_verified,84.0,P0,,,,,,,,,
606,melhor gerador de link WhatsApp,whatsapp-link-generator,WhatsApp Link Generator,social_communication,BR,Brazil,pt-BR,1,commercial,comparison,editor_reviewed,serp_verified,84.0,P0,,,,,,,,,
607,gerador de link WhatsApp rápido,whatsapp-link-generator,WhatsApp Link Generator,social_communication,BR,Brazil,pt-BR,1,transactional,tool_variant,editor_reviewed,serp_verified,84.0,P0,,,,,,,,,
608,gerador de link WhatsApp fácil,whatsapp-link-generator,WhatsApp Link Generator,social_communication,BR,Brazil,pt-BR,1,transactional,tool_variant,editor_reviewed,serp_verified,84.0,P0,,,,,,,,,
609,gerador de link WhatsApp para celular,whatsapp-link-generator,WhatsApp Link Generator,social_communication,BR,Brazil,pt-BR,1,transactional,tool_variant,editor_reviewed,serp_verified,84.0,P0,,,,,,,,,
661,buat link WhatsApp,whatsapp-link-generator,WhatsApp Link Generator,social_communication,ID,Indonesia,id-ID,1,transactional,tool_core,serp_verified,serp_verified,84.0,P0,,,,,,,,,
662,buat link WhatsApp gratis,whatsapp-link-generator,WhatsApp Link Generator,social_communication,ID,Indonesia,id-ID,1,transactional,tool_variant,editor_reviewed,serp_verified,84.0,P0,,,,,,,,,
664,buat link WhatsApp gratis online,whatsapp-link-generator,WhatsApp Link Generator,social_communication,ID,Indonesia,id-ID,1,transactional,tool_variant,editor_reviewed,serp_verified,84.0,P0,,,,,,,,,
667,aplikasi buat link WhatsApp,whatsapp-link-generator,WhatsApp Link Generator,social_communication,ID,Indonesia,id-ID,1,commercial,comparison,editor_reviewed,serp_verified,84.0,P0,,,,,,,,,
668,buat link WhatsApp cepat,whatsapp-link-generator,WhatsApp Link Generator,social_communication,ID,Indonesia,id-ID,1,transactional,tool_variant,editor_reviewed,serp_verified,84.0,P0,,,,,,,,,
669,buat link WhatsApp mudah,whatsapp-link-generator,WhatsApp Link Generator,social_communication,ID,Indonesia,id-ID,1,transactional,tool_variant,editor_reviewed,serp_verified,84.0,P0,,,,,,,,,
670,buat link WhatsApp di HP,whatsapp-link-generator,WhatsApp Link Generator,social_communication,ID,Indonesia,id-ID,1,transactional,tool_variant,editor_reviewed,serp_verified,84.0,P0,,,,,,,,,
611,WhatsApp リンク 作成,whatsapp-link-generator,WhatsApp Link Generator,social_communication,JP,Japan,ja-JP,1,transactional,tool_core,rejected,rejected,84.0,P0,,,,,,,,,
612,WhatsApp リンク 作成 無料,whatsapp-link-generator,WhatsApp Link Generator,social_communication,JP,Japan,ja-JP,1,transactional,tool_variant,editor_reviewed,rejected,84.0,P0,,,,,,,,,
615,WhatsApp リンク 作成 ブラウザ,whatsapp-link-generator,WhatsApp Link Generator,social_communication,JP,Japan,ja-JP,1,transactional,tool_variant,editor_reviewed,rejected,84.0,P0,,,,,,,,,
617,WhatsApp リンク 作成 スマホ,whatsapp-link-generator,WhatsApp Link Generator,social_communication,JP,Japan,ja-JP,1,transactional,tool_variant,editor_reviewed,rejected,84.0,P0,,,,,,,,,
618,簡単 WhatsApp リンク 作成,whatsapp-link-generator,WhatsApp Link Generator,social_communication,JP,Japan,ja-JP,1,transactional,tool_variant,editor_reviewed,rejected,84.0,P0,,,,,,,,,
620,おすすめ WhatsApp リンク 作成,whatsapp-link-generator,WhatsApp Link Generator,social_communication,JP,Japan,ja-JP,1,commercial,comparison,editor_reviewed,rejected,84.0,P0,,,,,,,,,
621,WhatsApp 링크 생성,whatsapp-link-generator,WhatsApp Link Generator,social_communication,KR,South Korea,ko-KR,1,transactional,tool_core,rejected,rejected,84.0,P0,,,,,,,,,
622,무료 WhatsApp 링크 생성,whatsapp-link-generator,WhatsApp Link Generator,social_communication,KR,South Korea,ko-KR,1,transactional,tool_variant,editor_reviewed,rejected,84.0,P0,,,,,,,,,
625,WhatsApp 링크 생성 사이트,whatsapp-link-generator,WhatsApp Link Generator,social_communication,KR,South Korea,ko-KR,1,commercial,comparison,editor_reviewed,rejected,84.0,P0,,,,,,,,,
627,WhatsApp 링크 생성 모바일,whatsapp-link-generator,WhatsApp Link Generator,social_communication,KR,South Korea,ko-KR,1,transactional,tool_variant,editor_reviewed,rejected,84.0,P0,,,,,,,,,
628,간편 WhatsApp 링크 생성,whatsapp-link-generator,WhatsApp Link Generator,social_communication,KR,South Korea,ko-KR,1,transactional,tool_variant,editor_reviewed,rejected,84.0,P0,,,,,,,,,
630,추천 WhatsApp 링크 생성,whatsapp-link-generator,WhatsApp Link Generator,social_communication,KR,South Korea,ko-KR,1,commercial,comparison,editor_reviewed,rejected,84.0,P0,,,,,,,,,
671,tạo link WhatsApp,whatsapp-link-generator,WhatsApp Link Generator,social_communication,VN,Vietnam,vi-VN,1,transactional,tool_core,rejected,rejected,84.0,P0,,,,,,,,,
672,tạo link WhatsApp miễn phí,whatsapp-link-generator,WhatsApp Link Generator,social_communication,VN,Vietnam,vi-VN,1,transactional,tool_variant,editor_reviewed,rejected,84.0,P0,,,,,,,,,
674,tạo link WhatsApp miễn phí online,whatsapp-link-generator,WhatsApp Link Generator,social_communication,VN,Vietnam,vi-VN,1,transactional,tool_variant,editor_reviewed,rejected,84.0,P0,,,,,,,,,
676,công cụ tạo link WhatsApp,whatsapp-link-generator,WhatsApp Link Generator,social_communication,VN,Vietnam,vi-VN,1,commercial,comparison,editor_reviewed,rejected,84.0,P0,,,,,,,,,
677,tạo link WhatsApp nhanh,whatsapp-link-generator,WhatsApp Link Generator,social_communication,VN,Vietnam,vi-VN,1,transactional,tool_variant,editor_reviewed,rejected,84.0,P0,,,,,,,,,
678,tạo link WhatsApp dễ dùng,whatsapp-link-generator,WhatsApp Link Generator,social_communication,VN,Vietnam,vi-VN,1,transactional,tool_variant,editor_reviewed,rejected,84.0,P0,,,,,,,,,
679,tạo link WhatsApp trên điện thoại,whatsapp-link-generator,WhatsApp Link Generator,social_communication,VN,Vietnam,vi-VN,1,transactional,tool_variant,editor_reviewed,rejected,84.0,P0,,,,,,,,,
734,Lebenslauf erstellen online,resume-builder,Resume Builder,career_hr,DE,Germany,de-DE,2,transactional,tool_variant,editor_reviewed,editor_reviewed,83.6,P0,,,,,,,,,
736,Lebenslauf erstellen ohne Anmeldung,resume-builder,Resume Builder,career_hr,DE,Germany,de-DE,2,transactional,tool_variant,editor_reviewed,editor_reviewed,83.6,P0,,,,,,,,,
753,creador de currículum online,resume-builder,Resume Builder,career_hr,ES,Spain,es-ES,2,transactional,tool_variant,editor_reviewed,editor_reviewed,83.6,P0,,,,,,,,,
755,creador de currículum sin registro,resume-builder,Resume Builder,career_hr,ES,Spain,es-ES,2,transactional,tool_variant,editor_reviewed,editor_reviewed,83.6,P0,,,,,,,,,
743,créateur de CV en ligne,resume-builder,Resume Builder,career_hr,FR,France,fr-FR,2,transactional,tool_variant,editor_reviewed,editor_reviewed,83.6,P0,,,,,,,,,
745,créateur de CV sans inscription,resume-builder,Resume Builder,career_hr,FR,France,fr-FR,2,transactional,tool_variant,editor_reviewed,editor_reviewed,83.6,P0,,,,,,,,,
783,สร้างเรซูเม่ ออนไลน์,resume-builder,Resume Builder,career_hr,TH,Thailand,th-TH,2,transactional,tool_variant,editor_reviewed,editor_reviewed,83.6,P0,,,,,,,,,
785,สร้างเรซูเม่ ไม่ต้องสมัคร,resume-builder,Resume Builder,career_hr,TH,Thailand,th-TH,2,transactional,tool_variant,editor_reviewed,editor_reviewed,83.6,P0,,,,,,,,,
793,online CV oluşturucu,resume-builder,Resume Builder,career_hr,TR,Turkey,tr-TR,2,transactional,tool_variant,editor_reviewed,editor_reviewed,83.6,P0,,,,,,,,,
795,üyeliksiz CV oluşturucu,resume-builder,Resume Builder,career_hr,TR,Turkey,tr-TR,2,transactional,tool_variant,editor_reviewed,editor_reviewed,83.6,P0,,,,,,,,,
710,como usar criador de currículo,resume-builder,Resume Builder,career_hr,BR,Brazil,pt-BR,1,informational,guide,editor_reviewed,serp_verified,83.4,P0,,,,,,,,,
766,cara pembuat CV,resume-builder,Resume Builder,career_hr,ID,Indonesia,id-ID,1,informational,guide,editor_reviewed,serp_verified,83.4,P0,,,,,,,,,
719,履歴書 作成 使い方,resume-builder,Resume Builder,career_hr,JP,Japan,ja-JP,1,informational,guide,editor_reviewed,serp_verified,83.4,P0,,,,,,,,,
729,이력서 작성 사용법,resume-builder,Resume Builder,career_hr,KR,South Korea,ko-KR,1,informational,guide,editor_reviewed,serp_verified,83.4,P0,,,,,,,,,
780,cách tạo CV,resume-builder,Resume Builder,career_hr,VN,Vietnam,vi-VN,1,informational,guide,editor_reviewed,serp_verified,83.4,P0,,,,,,,,,
602,gerador de link WhatsApp grátis,whatsapp-link-generator,WhatsApp Link Generator,social_communication,BR,Brazil,pt-BR,1,transactional,tool_variant,editor_reviewed,serp_verified,83.0,P0,,,,,,,,,
613,無料 WhatsApp リンク 作成,whatsapp-link-generator,WhatsApp Link Generator,social_communication,JP,Japan,ja-JP,1,transactional,tool_variant,editor_reviewed,rejected,83.0,P0,,,,,,,,,
623,WhatsApp 링크 생성 무료,whatsapp-link-generator,WhatsApp Link Generator,social_communication,KR,South Korea,ko-KR,1,transactional,tool_variant,editor_reviewed,rejected,83.0,P0,,,,,,,,,
731,Lebenslauf erstellen,resume-builder,Resume Builder,career_hr,DE,Germany,de-DE,2,transactional,tool_core,editor_reviewed,editor_reviewed,82.6,P0,,,,,,,,,
732,Lebenslauf erstellen kostenlos,resume-builder,Resume Builder,career_hr,DE,Germany,de-DE,2,transactional,tool_variant,editor_reviewed,editor_reviewed,82.6,P0,,,,,,,,,
735,Lebenslauf erstellen kostenlos online,resume-builder,Resume Builder,career_hr,DE,Germany,de-DE,2,transactional,tool_variant,editor_reviewed,editor_reviewed,82.6,P0,,,,,,,,,
737,Lebenslauf erstellen im Browser,resume-builder,Resume Builder,career_hr,DE,Germany,de-DE,2,transactional,tool_variant,editor_reviewed,editor_reviewed,82.6,P0,,,,,,,,,
738,einfach Lebenslauf erstellen,resume-builder,Resume Builder,career_hr,DE,Germany,de-DE,2,transactional,tool_variant,editor_reviewed,editor_reviewed,82.6,P0,,,,,,,,,
739,Lebenslauf erstellen mobil,resume-builder,Resume Builder,career_hr,DE,Germany,de-DE,2,transactional,tool_variant,editor_reviewed,editor_reviewed,82.6,P0,,,,,,,,,
740,Lebenslauf erstellen Tool,resume-builder,Resume Builder,career_hr,DE,Germany,de-DE,2,commercial,comparison,editor_reviewed,editor_reviewed,82.6,P0,,,,,,,,,
751,creador de currículum,resume-builder,Resume Builder,career_hr,ES,Spain,es-ES,2,transactional,tool_core,editor_reviewed,editor_reviewed,82.6,P0,,,,,,,,,
752,creador de currículum gratis,resume-builder,Resume Builder,career_hr,ES,Spain,es-ES,2,transactional,tool_variant,editor_reviewed,editor_reviewed,82.6,P0,,,,,,,,,
754,creador de currículum gratis online,resume-builder,Resume Builder,career_hr,ES,Spain,es-ES,2,transactional,tool_variant,editor_reviewed,editor_reviewed,82.6,P0,,,,,,,,,
756,herramienta creador de currículum,resume-builder,Resume Builder,career_hr,ES,Spain,es-ES,2,commercial,comparison,editor_reviewed,editor_reviewed,82.6,P0,,,,,,,,,
757,creador de currículum fácil,resume-builder,Resume Builder,career_hr,ES,Spain,es-ES,2,transactional,tool_variant,editor_reviewed,editor_reviewed,82.6,P0,,,,,,,,,
758,creador de currículum rápido,resume-builder,Resume Builder,career_hr,ES,Spain,es-ES,2,transactional,tool_variant,editor_reviewed,editor_reviewed,82.6,P0,,,,,,,,,
759,creador de currículum móvil,resume-builder,Resume Builder,career_hr,ES,Spain,es-ES,2,transactional,tool_variant,editor_reviewed,editor_reviewed,82.6,P0,,,,,,,,,
760,mejor creador de currículum,resume-builder,Resume Builder,career_hr,ES,Spain,es-ES,2,commercial,comparison,editor_reviewed,editor_reviewed,82.6,P0,,,,,,,,,
741,créateur de CV,resume-builder,Resume Builder,career_hr,FR,France,fr-FR,2,transactional,tool_core,editor_reviewed,editor_reviewed,82.6,P0,,,,,,,,,
742,créateur de CV gratuit,resume-builder,Resume Builder,career_hr,FR,France,fr-FR,2,transactional,tool_variant,editor_reviewed,editor_reviewed,82.6,P0,,,,,,,,,
744,créateur de CV gratuit en ligne,resume-builder,Resume Builder,career_hr,FR,France,fr-FR,2,transactional,tool_variant,editor_reviewed,editor_reviewed,82.6,P0,,,,,,,,,
746,outil créateur de CV,resume-builder,Resume Builder,career_hr,FR,France,fr-FR,2,commercial,comparison,editor_reviewed,editor_reviewed,82.6,P0,,,,,,,,,
747,créateur de CV facile,resume-builder,Resume Builder,career_hr,FR,France,fr-FR,2,transactional,tool_variant,editor_reviewed,editor_reviewed,82.6,P0,,,,,,,,,
748,créateur de CV rapide,resume-builder,Resume Builder,career_hr,FR,France,fr-FR,2,transactional,tool_variant,editor_reviewed,editor_reviewed,82.6,P0,,,,,,,,,
749,créateur de CV mobile,resume-builder,Resume Builder,career_hr,FR,France,fr-FR,2,transactional,tool_variant,editor_reviewed,editor_reviewed,82.6,P0,,,,,,,,,
750,meilleur créateur de CV,resume-builder,Resume Builder,career_hr,FR,France,fr-FR,2,commercial,comparison,editor_reviewed,editor_reviewed,82.6,P0,,,,,,,,,
781,สร้างเรซูเม่,resume-builder,Resume Builder,career_hr,TH,Thailand,th-TH,2,transactional,tool_core,editor_reviewed,editor_reviewed,82.6,P0,,,,,,,,,
782,สร้างเรซูเม่ ฟรี,resume-builder,Resume Builder,career_hr,TH,Thailand,th-TH,2,transactional,tool_variant,editor_reviewed,editor_reviewed,82.6,P0,,,,,,,,,
784,สร้างเรซูเม่ ฟรี ออนไลน์,resume-builder,Resume Builder,career_hr,TH,Thailand,th-TH,2,transactional,tool_variant,editor_reviewed,editor_reviewed,82.6,P0,,,,,,,,,
786,เครื่องมือ สร้างเรซูเม่,resume-builder,Resume Builder,career_hr,TH,Thailand,th-TH,2,commercial,comparison,editor_reviewed,editor_reviewed,82.6,P0,,,,,,,,,
787,สร้างเรซูเม่ ง่ายๆ,resume-builder,Resume Builder,career_hr,TH,Thailand,th-TH,2,transactional,tool_variant,editor_reviewed,editor_reviewed,82.6,P0,,,,,,,,,
788,สร้างเรซูเม่ รวดเร็ว,resume-builder,Resume Builder,career_hr,TH,Thailand,th-TH,2,transactional,tool_variant,editor_reviewed,editor_reviewed,82.6,P0,,,,,,,,,
789,สร้างเรซูเม่ บนมือถือ,resume-builder,Resume Builder,career_hr,TH,Thailand,th-TH,2,transactional,tool_variant,editor_reviewed,editor_reviewed,82.6,P0,,,,,,,,,
791,CV oluşturucu,resume-builder,Resume Builder,career_hr,TR,Turkey,tr-TR,2,transactional,tool_core,editor_reviewed,editor_reviewed,82.6,P0,,,,,,,,,
792,ücretsiz CV oluşturucu,resume-builder,Resume Builder,career_hr,TR,Turkey,tr-TR,2,transactional,tool_variant,editor_reviewed,editor_reviewed,82.6,P0,,,,,,,,,
794,ücretsiz online CV oluşturucu,resume-builder,Resume Builder,career_hr,TR,Turkey,tr-TR,2,transactional,tool_variant,editor_reviewed,editor_reviewed,82.6,P0,,,,,,,,,
796,CV oluşturucu aracı,resume-builder,Resume Builder,career_hr,TR,Turkey,tr-TR,2,commercial,comparison,editor_reviewed,editor_reviewed,82.6,P0,,,,,,,,,
797,kolay CV oluşturucu,resume-builder,Resume Builder,career_hr,TR,Turkey,tr-TR,2,transactional,tool_variant,editor_reviewed,editor_reviewed,82.6,P0,,,,,,,,,
798,hızlı CV oluşturucu,resume-builder,Resume Builder,career_hr,TR,Turkey,tr-TR,2,transactional,tool_variant,editor_reviewed,editor_reviewed,82.6,P0,,,,,,,,,
799,mobil CV oluşturucu,resume-builder,Resume Builder,career_hr,TR,Turkey,tr-TR,2,transactional,tool_variant,editor_reviewed,editor_reviewed,82.6,P0,,,,,,,,,
634,WhatsApp Link erstellen online,whatsapp-link-generator,WhatsApp Link Generator,social_communication,DE,Germany,de-DE,2,transactional,tool_variant,editor_reviewed,editor_reviewed,82.2,P0,,,,,,,,,
636,WhatsApp Link erstellen ohne Anmeldung,whatsapp-link-generator,WhatsApp Link Generator,social_communication,DE,Germany,de-DE,2,transactional,tool_variant,editor_reviewed,editor_reviewed,82.2,P0,,,,,,,,,
653,generador de enlace WhatsApp online,whatsapp-link-generator,WhatsApp Link Generator,social_communication,ES,Spain,es-ES,2,transactional,tool_variant,editor_reviewed,editor_reviewed,82.2,P0,,,,,,,,,
655,generador de enlace WhatsApp sin registro,whatsapp-link-generator,WhatsApp Link Generator,social_communication,ES,Spain,es-ES,2,transactional,tool_variant,editor_reviewed,editor_reviewed,82.2,P0,,,,,,,,,
643,générateur de lien WhatsApp en ligne,whatsapp-link-generator,WhatsApp Link Generator,social_communication,FR,France,fr-FR,2,transactional,tool_variant,editor_reviewed,editor_reviewed,82.2,P0,,,,,,,,,
645,générateur de lien WhatsApp sans inscription,whatsapp-link-generator,WhatsApp Link Generator,social_communication,FR,France,fr-FR,2,transactional,tool_variant,editor_reviewed,editor_reviewed,82.2,P0,,,,,,,,,
683,สร้างลิงก์ WhatsApp ออนไลน์,whatsapp-link-generator,WhatsApp Link Generator,social_communication,TH,Thailand,th-TH,2,transactional,tool_variant,editor_reviewed,editor_reviewed,82.2,P0,,,,,,,,,
685,สร้างลิงก์ WhatsApp ไม่ต้องสมัคร,whatsapp-link-generator,WhatsApp Link Generator,social_communication,TH,Thailand,th-TH,2,transactional,tool_variant,editor_reviewed,editor_reviewed,82.2,P0,,,,,,,,,
693,online WhatsApp link oluşturucu,whatsapp-link-generator,WhatsApp Link Generator,social_communication,TR,Turkey,tr-TR,2,transactional,tool_variant,editor_reviewed,editor_reviewed,82.2,P0,,,,,,,,,
695,üyeliksiz WhatsApp link oluşturucu,whatsapp-link-generator,WhatsApp Link Generator,social_communication,TR,Turkey,tr-TR,2,transactional,tool_variant,editor_reviewed,editor_reviewed,82.2,P0,,,,,,,,,
610,como usar gerador de link WhatsApp,whatsapp-link-generator,WhatsApp Link Generator,social_communication,BR,Brazil,pt-BR,1,informational,guide,editor_reviewed,serp_verified,82.0,P0,,,,,,,,,
666,cara buat link WhatsApp,whatsapp-link-generator,WhatsApp Link Generator,social_communication,ID,Indonesia,id-ID,1,informational,guide,editor_reviewed,serp_verified,82.0,P0,,,,,,,,,
619,WhatsApp リンク 作成 使い方,whatsapp-link-generator,WhatsApp Link Generator,social_communication,JP,Japan,ja-JP,1,informational,guide,editor_reviewed,rejected,82.0,P0,,,,,,,,,
629,WhatsApp 링크 생성 사용법,whatsapp-link-generator,WhatsApp Link Generator,social_communication,KR,South Korea,ko-KR,1,informational,guide,editor_reviewed,rejected,82.0,P0,,,,,,,,,
680,cách tạo link WhatsApp,whatsapp-link-generator,WhatsApp Link Generator,social_communication,VN,Vietnam,vi-VN,1,informational,guide,editor_reviewed,rejected,82.0,P0,,,,,,,,,
733,kostenlos Lebenslauf erstellen,resume-builder,Resume Builder,career_hr,DE,Germany,de-DE,2,transactional,tool_variant,editor_reviewed,editor_reviewed,81.6,P0,,,,,,,,,
631,WhatsApp Link erstellen,whatsapp-link-generator,WhatsApp Link Generator,social_communication,DE,Germany,de-DE,2,transactional,tool_core,editor_reviewed,editor_reviewed,81.2,P0,,,,,,,,,
632,WhatsApp Link erstellen kostenlos,whatsapp-link-generator,WhatsApp Link Generator,social_communication,DE,Germany,de-DE,2,transactional,tool_variant,editor_reviewed,editor_reviewed,81.2,P0,,,,,,,,,
635,WhatsApp Link erstellen kostenlos online,whatsapp-link-generator,WhatsApp Link Generator,social_communication,DE,Germany,de-DE,2,transactional,tool_variant,editor_reviewed,editor_reviewed,81.2,P0,,,,,,,,,
637,WhatsApp Link erstellen im Browser,whatsapp-link-generator,WhatsApp Link Generator,social_communication,DE,Germany,de-DE,2,transactional,tool_variant,editor_reviewed,editor_reviewed,81.2,P0,,,,,,,,,
638,einfach WhatsApp Link erstellen,whatsapp-link-generator,WhatsApp Link Generator,social_communication,DE,Germany,de-DE,2,transactional,tool_variant,editor_reviewed,editor_reviewed,81.2,P0,,,,,,,,,
639,WhatsApp Link erstellen mobil,whatsapp-link-generator,WhatsApp Link Generator,social_communication,DE,Germany,de-DE,2,transactional,tool_variant,editor_reviewed,editor_reviewed,81.2,P0,,,,,,,,,
640,WhatsApp Link erstellen Tool,whatsapp-link-generator,WhatsApp Link Generator,social_communication,DE,Germany,de-DE,2,commercial,comparison,editor_reviewed,editor_reviewed,81.2,P0,,,,,,,,,
651,generador de enlace WhatsApp,whatsapp-link-generator,WhatsApp Link Generator,social_communication,ES,Spain,es-ES,2,transactional,tool_core,editor_reviewed,editor_reviewed,81.2,P0,,,,,,,,,
652,generador de enlace WhatsApp gratis,whatsapp-link-generator,WhatsApp Link Generator,social_communication,ES,Spain,es-ES,2,transactional,tool_variant,editor_reviewed,editor_reviewed,81.2,P0,,,,,,,,,
654,generador de enlace WhatsApp gratis online,whatsapp-link-generator,WhatsApp Link Generator,social_communication,ES,Spain,es-ES,2,transactional,tool_variant,editor_reviewed,editor_reviewed,81.2,P0,,,,,,,,,
656,herramienta generador de enlace WhatsApp,whatsapp-link-generator,WhatsApp Link Generator,social_communication,ES,Spain,es-ES,2,commercial,comparison,editor_reviewed,editor_reviewed,81.2,P0,,,,,,,,,
657,generador de enlace WhatsApp fácil,whatsapp-link-generator,WhatsApp Link Generator,social_communication,ES,Spain,es-ES,2,transactional,tool_variant,editor_reviewed,editor_reviewed,81.2,P0,,,,,,,,,
658,generador de enlace WhatsApp rápido,whatsapp-link-generator,WhatsApp Link Generator,social_communication,ES,Spain,es-ES,2,transactional,tool_variant,editor_reviewed,editor_reviewed,81.2,P0,,,,,,,,,
659,generador de enlace WhatsApp móvil,whatsapp-link-generator,WhatsApp Link Generator,social_communication,ES,Spain,es-ES,2,transactional,tool_variant,editor_reviewed,editor_reviewed,81.2,P0,,,,,,,,,
660,mejor generador de enlace WhatsApp,whatsapp-link-generator,WhatsApp Link Generator,social_communication,ES,Spain,es-ES,2,commercial,comparison,editor_reviewed,editor_reviewed,81.2,P0,,,,,,,,,
641,générateur de lien WhatsApp,whatsapp-link-generator,WhatsApp Link Generator,social_communication,FR,France,fr-FR,2,transactional,tool_core,editor_reviewed,editor_reviewed,81.2,P0,,,,,,,,,
642,générateur de lien WhatsApp gratuit,whatsapp-link-generator,WhatsApp Link Generator,social_communication,FR,France,fr-FR,2,transactional,tool_variant,editor_reviewed,editor_reviewed,81.2,P0,,,,,,,,,
644,générateur de lien WhatsApp gratuit en ligne,whatsapp-link-generator,WhatsApp Link Generator,social_communication,FR,France,fr-FR,2,transactional,tool_variant,editor_reviewed,editor_reviewed,81.2,P0,,,,,,,,,
646,outil générateur de lien WhatsApp,whatsapp-link-generator,WhatsApp Link Generator,social_communication,FR,France,fr-FR,2,commercial,comparison,editor_reviewed,editor_reviewed,81.2,P0,,,,,,,,,
647,générateur de lien WhatsApp facile,whatsapp-link-generator,WhatsApp Link Generator,social_communication,FR,France,fr-FR,2,transactional,tool_variant,editor_reviewed,editor_reviewed,81.2,P0,,,,,,,,,
648,générateur de lien WhatsApp rapide,whatsapp-link-generator,WhatsApp Link Generator,social_communication,FR,France,fr-FR,2,transactional,tool_variant,editor_reviewed,editor_reviewed,81.2,P0,,,,,,,,,
649,générateur de lien WhatsApp mobile,whatsapp-link-generator,WhatsApp Link Generator,social_communication,FR,France,fr-FR,2,transactional,tool_variant,editor_reviewed,editor_reviewed,81.2,P0,,,,,,,,,
650,meilleur générateur de lien WhatsApp,whatsapp-link-generator,WhatsApp Link Generator,social_communication,FR,France,fr-FR,2,commercial,comparison,editor_reviewed,editor_reviewed,81.2,P0,,,,,,,,,
681,สร้างลิงก์ WhatsApp,whatsapp-link-generator,WhatsApp Link Generator,social_communication,TH,Thailand,th-TH,2,transactional,tool_core,editor_reviewed,editor_reviewed,81.2,P0,,,,,,,,,
682,สร้างลิงก์ WhatsApp ฟรี,whatsapp-link-generator,WhatsApp Link Generator,social_communication,TH,Thailand,th-TH,2,transactional,tool_variant,editor_reviewed,editor_reviewed,81.2,P0,,,,,,,,,
684,สร้างลิงก์ WhatsApp ฟรี ออนไลน์,whatsapp-link-generator,WhatsApp Link Generator,social_communication,TH,Thailand,th-TH,2,transactional,tool_variant,editor_reviewed,editor_reviewed,81.2,P0,,,,,,,,,
686,เครื่องมือ สร้างลิงก์ WhatsApp,whatsapp-link-generator,WhatsApp Link Generator,social_communication,TH,Thailand,th-TH,2,commercial,comparison,editor_reviewed,editor_reviewed,81.2,P0,,,,,,,,,
687,สร้างลิงก์ WhatsApp ง่ายๆ,whatsapp-link-generator,WhatsApp Link Generator,social_communication,TH,Thailand,th-TH,2,transactional,tool_variant,editor_reviewed,editor_reviewed,81.2,P0,,,,,,,,,
688,สร้างลิงก์ WhatsApp รวดเร็ว,whatsapp-link-generator,WhatsApp Link Generator,social_communication,TH,Thailand,th-TH,2,transactional,tool_variant,editor_reviewed,editor_reviewed,81.2,P0,,,,,,,,,
689,สร้างลิงก์ WhatsApp บนมือถือ,whatsapp-link-generator,WhatsApp Link Generator,social_communication,TH,Thailand,th-TH,2,transactional,tool_variant,editor_reviewed,editor_reviewed,81.2,P0,,,,,,,,,
691,WhatsApp link oluşturucu,whatsapp-link-generator,WhatsApp Link Generator,social_communication,TR,Turkey,tr-TR,2,transactional,tool_core,editor_reviewed,editor_reviewed,81.2,P0,,,,,,,,,
692,ücretsiz WhatsApp link oluşturucu,whatsapp-link-generator,WhatsApp Link Generator,social_communication,TR,Turkey,tr-TR,2,transactional,tool_variant,editor_reviewed,editor_reviewed,81.2,P0,,,,,,,,,
694,ücretsiz online WhatsApp link oluşturucu,whatsapp-link-generator,WhatsApp Link Generator,social_communication,TR,Turkey,tr-TR,2,transactional,tool_variant,editor_reviewed,editor_reviewed,81.2,P0,,,,,,,,,
696,WhatsApp link oluşturucu aracı,whatsapp-link-generator,WhatsApp Link Generator,social_communication,TR,Turkey,tr-TR,2,commercial,comparison,editor_reviewed,editor_reviewed,81.2,P0,,,,,,,,,
697,kolay WhatsApp link oluşturucu,whatsapp-link-generator,WhatsApp Link Generator,social_communication,TR,Turkey,tr-TR,2,transactional,tool_variant,editor_reviewed,editor_reviewed,81.2,P0,,,,,,,,,
698,hızlı WhatsApp link oluşturucu,whatsapp-link-generator,WhatsApp Link Generator,social_communication,TR,Turkey,tr-TR,2,transactional,tool_variant,editor_reviewed,editor_reviewed,81.2,P0,,,,,,,,,
699,mobil WhatsApp link oluşturucu,whatsapp-link-generator,WhatsApp Link Generator,social_communication,TR,Turkey,tr-TR,2,transactional,tool_variant,editor_reviewed,editor_reviewed,81.2,P0,,,,,,,,,
790,วิธี สร้างเรซูเม่,resume-builder,Resume Builder,career_hr,TH,Thailand,th-TH,2,informational,guide,editor_reviewed,editor_reviewed,80.6,P0,,,,,,,,,
800,CV oluşturucu nasıl yapılır,resume-builder,Resume Builder,career_hr,TR,Turkey,tr-TR,2,informational,guide,editor_reviewed,editor_reviewed,80.6,P0,,,,,,,,,
303,redimensionar imagem online,image-resizer,Image Resizer,image_design,BR,Brazil,pt-BR,1,transactional,tool_variant,editor_reviewed,serp_verified,80.4,P0,,,,,,,,,
305,redimensionar imagem sem cadastro,image-resizer,Image Resizer,image_design,BR,Brazil,pt-BR,1,transactional,tool_variant,editor_reviewed,serp_verified,80.4,P0,,,,,,,,,
363,ubah ukuran gambar online,image-resizer,Image Resizer,image_design,ID,Indonesia,id-ID,1,transactional,tool_variant,editor_reviewed,serp_verified,80.4,P0,,,,,,,,,
365,ubah ukuran gambar tanpa daftar,image-resizer,Image Resizer,image_design,ID,Indonesia,id-ID,1,transactional,tool_variant,editor_reviewed,serp_verified,80.4,P0,,,,,,,,,
314,画像 サイズ変更 オンライン,image-resizer,Image Resizer,image_design,JP,Japan,ja-JP,1,transactional,tool_variant,editor_reviewed,serp_verified,80.4,P0,,,,,,,,,
316,画像 サイズ変更 登録不要,image-resizer,Image Resizer,image_design,JP,Japan,ja-JP,1,transactional,tool_variant,editor_reviewed,serp_verified,80.4,P0,,,,,,,,,
324,이미지 크기 조절 온라인,image-resizer,Image Resizer,image_design,KR,South Korea,ko-KR,1,transactional,tool_variant,editor_reviewed,serp_verified,80.4,P0,,,,,,,,,
326,이미지 크기 조절 회원가입 없이,image-resizer,Image Resizer,image_design,KR,South Korea,ko-KR,1,transactional,tool_variant,editor_reviewed,serp_verified,80.4,P0,,,,,,,,,
373,thay đổi kích thước ảnh online,image-resizer,Image Resizer,image_design,VN,Vietnam,vi-VN,1,transactional,tool_variant,editor_reviewed,serp_verified,80.4,P0,,,,,,,,,
375,thay đổi kích thước ảnh không cần đăng ký,image-resizer,Image Resizer,image_design,VN,Vietnam,vi-VN,1,transactional,tool_variant,editor_reviewed,serp_verified,80.4,P0,,,,,,,,,
633,kostenlos WhatsApp Link erstellen,whatsapp-link-generator,WhatsApp Link Generator,social_communication,DE,Germany,de-DE,2,transactional,tool_variant,editor_reviewed,editor_reviewed,80.2,P0,,,,,,,,,
301,redimensionar imagem,image-resizer,Image Resizer,image_design,BR,Brazil,pt-BR,1,transactional,tool_core,serp_verified,serp_verified,79.4,P1,,,,,,,,,
304,redimensionar imagem grátis online,image-resizer,Image Resizer,image_design,BR,Brazil,pt-BR,1,transactional,tool_variant,editor_reviewed,serp_verified,79.4,P1,,,,,,,,,
306,melhor redimensionar imagem,image-resizer,Image Resizer,image_design,BR,Brazil,pt-BR,1,commercial,comparison,editor_reviewed,serp_verified,79.4,P1,,,,,,,,,
307,redimensionar imagem rápido,image-resizer,Image Resizer,image_design,BR,Brazil,pt-BR,1,transactional,tool_variant,editor_reviewed,serp_verified,79.4,P1,,,,,,,,,
308,redimensionar imagem fácil,image-resizer,Image Resizer,image_design,BR,Brazil,pt-BR,1,transactional,tool_variant,editor_reviewed,serp_verified,79.4,P1,,,,,,,,,
309,redimensionar imagem para celular,image-resizer,Image Resizer,image_design,BR,Brazil,pt-BR,1,transactional,tool_variant,editor_reviewed,serp_verified,79.4,P1,,,,,,,,,
361,ubah ukuran gambar,image-resizer,Image Resizer,image_design,ID,Indonesia,id-ID,1,transactional,tool_core,serp_verified,serp_verified,79.4,P1,,,,,,,,,
362,ubah ukuran gambar gratis,image-resizer,Image Resizer,image_design,ID,Indonesia,id-ID,1,transactional,tool_variant,editor_reviewed,serp_verified,79.4,P1,,,,,,,,,
364,ubah ukuran gambar gratis online,image-resizer,Image Resizer,image_design,ID,Indonesia,id-ID,1,transactional,tool_variant,editor_reviewed,serp_verified,79.4,P1,,,,,,,,,
367,aplikasi ubah ukuran gambar,image-resizer,Image Resizer,image_design,ID,Indonesia,id-ID,1,commercial,comparison,editor_reviewed,serp_verified,79.4,P1,,,,,,,,,
368,ubah ukuran gambar cepat,image-resizer,Image Resizer,image_design,ID,Indonesia,id-ID,1,transactional,tool_variant,editor_reviewed,serp_verified,79.4,P1,,,,,,,,,
369,ubah ukuran gambar mudah,image-resizer,Image Resizer,image_design,ID,Indonesia,id-ID,1,transactional,tool_variant,editor_reviewed,serp_verified,79.4,P1,,,,,,,,,
370,ubah ukuran gambar di HP,image-resizer,Image Resizer,image_design,ID,Indonesia,id-ID,1,transactional,tool_variant,editor_reviewed,serp_verified,79.4,P1,,,,,,,,,
311,画像 サイズ変更,image-resizer,Image Resizer,image_design,JP,Japan,ja-JP,1,transactional,tool_core,serp_verified,serp_verified,79.4,P1,,,,,,,,,
312,画像 サイズ変更 無料,image-resizer,Image Resizer,image_design,JP,Japan,ja-JP,1,transactional,tool_variant,editor_reviewed,serp_verified,79.4,P1,,,,,,,,,
315,画像 サイズ変更 ブラウザ,image-resizer,Image Resizer,image_design,JP,Japan,ja-JP,1,transactional,tool_variant,editor_reviewed,serp_verified,79.4,P1,,,,,,,,,
317,画像 サイズ変更 スマホ,image-resizer,Image Resizer,image_design,JP,Japan,ja-JP,1,transactional,tool_variant,editor_reviewed,serp_verified,79.4,P1,,,,,,,,,
318,簡単 画像 サイズ変更,image-resizer,Image Resizer,image_design,JP,Japan,ja-JP,1,transactional,tool_variant,editor_reviewed,serp_verified,79.4,P1,,,,,,,,,
320,おすすめ 画像 サイズ変更,image-resizer,Image Resizer,image_design,JP,Japan,ja-JP,1,commercial,comparison,editor_reviewed,serp_verified,79.4,P1,,,,,,,,,
321,이미지 크기 조절,image-resizer,Image Resizer,image_design,KR,South Korea,ko-KR,1,transactional,tool_core,serp_verified,serp_verified,79.4,P1,,,,,,,,,
322,무료 이미지 크기 조절,image-resizer,Image Resizer,image_design,KR,South Korea,ko-KR,1,transactional,tool_variant,editor_reviewed,serp_verified,79.4,P1,,,,,,,,,
325,이미지 크기 조절 사이트,image-resizer,Image Resizer,image_design,KR,South Korea,ko-KR,1,commercial,comparison,editor_reviewed,serp_verified,79.4,P1,,,,,,,,,
327,이미지 크기 조절 모바일,image-resizer,Image Resizer,image_design,KR,South Korea,ko-KR,1,transactional,tool_variant,editor_reviewed,serp_verified,79.4,P1,,,,,,,,,
328,간편 이미지 크기 조절,image-resizer,Image Resizer,image_design,KR,South Korea,ko-KR,1,transactional,tool_variant,editor_reviewed,serp_verified,79.4,P1,,,,,,,,,
330,추천 이미지 크기 조절,image-resizer,Image Resizer,image_design,KR,South Korea,ko-KR,1,commercial,comparison,editor_reviewed,serp_verified,79.4,P1,,,,,,,,,
371,thay đổi kích thước ảnh,image-resizer,Image Resizer,image_design,VN,Vietnam,vi-VN,1,transactional,tool_core,serp_verified,serp_verified,79.4,P1,,,,,,,,,
372,thay đổi kích thước ảnh miễn phí,image-resizer,Image Resizer,image_design,VN,Vietnam,vi-VN,1,transactional,tool_variant,editor_reviewed,serp_verified,79.4,P1,,,,,,,,,
374,thay đổi kích thước ảnh miễn phí online,image-resizer,Image Resizer,image_design,VN,Vietnam,vi-VN,1,transactional,tool_variant,editor_reviewed,serp_verified,79.4,P1,,,,,,,,,
376,công cụ thay đổi kích thước ảnh,image-resizer,Image Resizer,image_design,VN,Vietnam,vi-VN,1,commercial,comparison,editor_reviewed,serp_verified,79.4,P1,,,,,,,,,
377,thay đổi kích thước ảnh nhanh,image-resizer,Image Resizer,image_design,VN,Vietnam,vi-VN,1,transactional,tool_variant,editor_reviewed,serp_verified,79.4,P1,,,,,,,,,
378,thay đổi kích thước ảnh dễ dùng,image-resizer,Image Resizer,image_design,VN,Vietnam,vi-VN,1,transactional,tool_variant,editor_reviewed,serp_verified,79.4,P1,,,,,,,,,
379,thay đổi kích thước ảnh trên điện thoại,image-resizer,Image Resizer,image_design,VN,Vietnam,vi-VN,1,transactional,tool_variant,editor_reviewed,serp_verified,79.4,P1,,,,,,,,,
690,วิธี สร้างลิงก์ WhatsApp,whatsapp-link-generator,WhatsApp Link Generator,social_communication,TH,Thailand,th-TH,2,informational,guide,editor_reviewed,editor_reviewed,79.2,P1,,,,,,,,,
700,WhatsApp link oluşturucu nasıl yapılır,whatsapp-link-generator,WhatsApp Link Generator,social_communication,TR,Turkey,tr-TR,2,informational,guide,editor_reviewed,editor_reviewed,79.2,P1,,,,,,,,,
302,redimensionar imagem grátis,image-resizer,Image Resizer,image_design,BR,Brazil,pt-BR,1,transactional,tool_variant,editor_reviewed,serp_verified,78.4,P1,,,,,,,,,
313,無料 画像 サイズ変更,image-resizer,Image Resizer,image_design,JP,Japan,ja-JP,1,transactional,tool_variant,editor_reviewed,serp_verified,78.4,P1,,,,,,,,,
323,이미지 크기 조절 무료,image-resizer,Image Resizer,image_design,KR,South Korea,ko-KR,1,transactional,tool_variant,editor_reviewed,serp_verified,78.4,P1,,,,,,,,,
203,comprimir imagem online,image-compressor,Image Compressor,image_design,BR,Brazil,pt-BR,1,transactional,tool_variant,editor_reviewed,serp_verified,78.0,P1,,,,,,,,,
205,comprimir imagem sem cadastro,image-compressor,Image Compressor,image_design,BR,Brazil,pt-BR,1,transactional,tool_variant,editor_reviewed,serp_verified,78.0,P1,,,,,,,,,
263,kompres gambar online,image-compressor,Image Compressor,image_design,ID,Indonesia,id-ID,1,transactional,tool_variant,editor_reviewed,serp_verified,78.0,P1,,,,,,,,,
265,kompres gambar tanpa daftar,image-compressor,Image Compressor,image_design,ID,Indonesia,id-ID,1,transactional,tool_variant,editor_reviewed,serp_verified,78.0,P1,,,,,,,,,
214,画像 圧縮 オンライン,image-compressor,Image Compressor,image_design,JP,Japan,ja-JP,1,transactional,tool_variant,editor_reviewed,serp_verified,78.0,P1,,,,,,,,,
216,画像 圧縮 登録不要,image-compressor,Image Compressor,image_design,JP,Japan,ja-JP,1,transactional,tool_variant,editor_reviewed,serp_verified,78.0,P1,,,,,,,,,
224,이미지 압축 온라인,image-compressor,Image Compressor,image_design,KR,South Korea,ko-KR,1,transactional,tool_variant,editor_reviewed,serp_verified,78.0,P1,,,,,,,,,
226,이미지 압축 회원가입 없이,image-compressor,Image Compressor,image_design,KR,South Korea,ko-KR,1,transactional,tool_variant,editor_reviewed,serp_verified,78.0,P1,,,,,,,,,
273,nén ảnh online,image-compressor,Image Compressor,image_design,VN,Vietnam,vi-VN,1,transactional,tool_variant,editor_reviewed,serp_verified,78.0,P1,,,,,,,,,
275,nén ảnh không cần đăng ký,image-compressor,Image Compressor,image_design,VN,Vietnam,vi-VN,1,transactional,tool_variant,editor_reviewed,serp_verified,78.0,P1,,,,,,,,,
334,Bildgröße ändern online,image-resizer,Image Resizer,image_design,DE,Germany,de-DE,2,transactional,tool_variant,editor_reviewed,editor_reviewed,77.6,P1,,,,,,,,,
336,Bildgröße ändern ohne Anmeldung,image-resizer,Image Resizer,image_design,DE,Germany,de-DE,2,transactional,tool_variant,editor_reviewed,editor_reviewed,77.6,P1,,,,,,,,,
353,redimensionar imagen online,image-resizer,Image Resizer,image_design,ES,Spain,es-ES,2,transactional,tool_variant,editor_reviewed,editor_reviewed,77.6,P1,,,,,,,,,
355,redimensionar imagen sin registro,image-resizer,Image Resizer,image_design,ES,Spain,es-ES,2,transactional,tool_variant,editor_reviewed,editor_reviewed,77.6,P1,,,,,,,,,
343,redimensionner image en ligne,image-resizer,Image Resizer,image_design,FR,France,fr-FR,2,transactional,tool_variant,editor_reviewed,editor_reviewed,77.6,P1,,,,,,,,,
345,redimensionner image sans inscription,image-resizer,Image Resizer,image_design,FR,France,fr-FR,2,transactional,tool_variant,editor_reviewed,editor_reviewed,77.6,P1,,,,,,,,,
383,ปรับขนาดรูปภาพ ออนไลน์,image-resizer,Image Resizer,image_design,TH,Thailand,th-TH,2,transactional,tool_variant,editor_reviewed,editor_reviewed,77.6,P1,,,,,,,,,
385,ปรับขนาดรูปภาพ ไม่ต้องสมัคร,image-resizer,Image Resizer,image_design,TH,Thailand,th-TH,2,transactional,tool_variant,editor_reviewed,editor_reviewed,77.6,P1,,,,,,,,,
393,online resim boyutlandırma,image-resizer,Image Resizer,image_design,TR,Turkey,tr-TR,2,transactional,tool_variant,editor_reviewed,editor_reviewed,77.6,P1,,,,,,,,,
395,üyeliksiz resim boyutlandırma,image-resizer,Image Resizer,image_design,TR,Turkey,tr-TR,2,transactional,tool_variant,editor_reviewed,editor_reviewed,77.6,P1,,,,,,,,,
310,como usar redimensionar imagem,image-resizer,Image Resizer,image_design,BR,Brazil,pt-BR,1,informational,guide,editor_reviewed,serp_verified,77.4,P1,,,,,,,,,
366,cara ubah ukuran gambar,image-resizer,Image Resizer,image_design,ID,Indonesia,id-ID,1,informational,guide,editor_reviewed,serp_verified,77.4,P1,,,,,,,,,
319,画像 サイズ変更 使い方,image-resizer,Image Resizer,image_design,JP,Japan,ja-JP,1,informational,guide,editor_reviewed,serp_verified,77.4,P1,,,,,,,,,
329,이미지 크기 조절 사용법,image-resizer,Image Resizer,image_design,KR,South Korea,ko-KR,1,informational,guide,editor_reviewed,serp_verified,77.4,P1,,,,,,,,,
380,cách thay đổi kích thước ảnh,image-resizer,Image Resizer,image_design,VN,Vietnam,vi-VN,1,informational,guide,editor_reviewed,serp_verified,77.4,P1,,,,,,,,,
201,comprimir imagem,image-compressor,Image Compressor,image_design,BR,Brazil,pt-BR,1,transactional,tool_core,serp_verified,serp_verified,77.0,P1,,,,,,,,,
204,comprimir imagem grátis online,image-compressor,Image Compressor,image_design,BR,Brazil,pt-BR,1,transactional,tool_variant,editor_reviewed,serp_verified,77.0,P1,,,,,,,,,
206,melhor comprimir imagem,image-compressor,Image Compressor,image_design,BR,Brazil,pt-BR,1,commercial,comparison,editor_reviewed,serp_verified,77.0,P1,,,,,,,,,
207,comprimir imagem rápido,image-compressor,Image Compressor,image_design,BR,Brazil,pt-BR,1,transactional,tool_variant,editor_reviewed,serp_verified,77.0,P1,,,,,,,,,
208,comprimir imagem fácil,image-compressor,Image Compressor,image_design,BR,Brazil,pt-BR,1,transactional,tool_variant,editor_reviewed,serp_verified,77.0,P1,,,,,,,,,
209,comprimir imagem para celular,image-compressor,Image Compressor,image_design,BR,Brazil,pt-BR,1,transactional,tool_variant,editor_reviewed,serp_verified,77.0,P1,,,,,,,,,
103,comprimir PDF online,pdf-compressor,PDF Compressor,document_pdf,BR,Brazil,pt-BR,1,transactional,tool_variant,editor_reviewed,serp_verified,77.0,P1,,,,,,,,,
105,comprimir PDF sem cadastro,pdf-compressor,PDF Compressor,document_pdf,BR,Brazil,pt-BR,1,transactional,tool_variant,editor_reviewed,serp_verified,77.0,P1,,,,,,,,,
261,kompres gambar,image-compressor,Image Compressor,image_design,ID,Indonesia,id-ID,1,transactional,tool_core,serp_verified,serp_verified,77.0,P1,,,,,,,,,
262,kompres gambar gratis,image-compressor,Image Compressor,image_design,ID,Indonesia,id-ID,1,transactional,tool_variant,editor_reviewed,serp_verified,77.0,P1,,,,,,,,,
264,kompres gambar gratis online,image-compressor,Image Compressor,image_design,ID,Indonesia,id-ID,1,transactional,tool_variant,editor_reviewed,serp_verified,77.0,P1,,,,,,,,,
267,aplikasi kompres gambar,image-compressor,Image Compressor,image_design,ID,Indonesia,id-ID,1,commercial,comparison,editor_reviewed,serp_verified,77.0,P1,,,,,,,,,
268,kompres gambar cepat,image-compressor,Image Compressor,image_design,ID,Indonesia,id-ID,1,transactional,tool_variant,editor_reviewed,serp_verified,77.0,P1,,,,,,,,,
269,kompres gambar mudah,image-compressor,Image Compressor,image_design,ID,Indonesia,id-ID,1,transactional,tool_variant,editor_reviewed,serp_verified,77.0,P1,,,,,,,,,
270,kompres gambar di HP,image-compressor,Image Compressor,image_design,ID,Indonesia,id-ID,1,transactional,tool_variant,editor_reviewed,serp_verified,77.0,P1,,,,,,,,,
163,kompres PDF online,pdf-compressor,PDF Compressor,document_pdf,ID,Indonesia,id-ID,1,transactional,tool_variant,editor_reviewed,serp_verified,77.0,P1,,,,,,,,,
165,kompres PDF tanpa daftar,pdf-compressor,PDF Compressor,document_pdf,ID,Indonesia,id-ID,1,transactional,tool_variant,editor_reviewed,serp_verified,77.0,P1,,,,,,,,,
211,画像 圧縮,image-compressor,Image Compressor,image_design,JP,Japan,ja-JP,1,transactional,tool_core,serp_verified,serp_verified,77.0,P1,,,,,,,,,
212,画像 圧縮 無料,image-compressor,Image Compressor,image_design,JP,Japan,ja-JP,1,transactional,tool_variant,editor_reviewed,serp_verified,77.0,P1,,,,,,,,,
215,画像 圧縮 ブラウザ,image-compressor,Image Compressor,image_design,JP,Japan,ja-JP,1,transactional,tool_variant,editor_reviewed,serp_verified,77.0,P1,,,,,,,,,
217,画像 圧縮 スマホ,image-compressor,Image Compressor,image_design,JP,Japan,ja-JP,1,transactional,tool_variant,editor_reviewed,serp_verified,77.0,P1,,,,,,,,,
218,簡単 画像 圧縮,image-compressor,Image Compressor,image_design,JP,Japan,ja-JP,1,transactional,tool_variant,editor_reviewed,serp_verified,77.0,P1,,,,,,,,,
220,おすすめ 画像 圧縮,image-compressor,Image Compressor,image_design,JP,Japan,ja-JP,1,commercial,comparison,editor_reviewed,serp_verified,77.0,P1,,,,,,,,,
114,PDF 圧縮 オンライン,pdf-compressor,PDF Compressor,document_pdf,JP,Japan,ja-JP,1,transactional,tool_variant,editor_reviewed,serp_verified,77.0,P1,,,,,,,,,
116,PDF 圧縮 登録不要,pdf-compressor,PDF Compressor,document_pdf,JP,Japan,ja-JP,1,transactional,tool_variant,editor_reviewed,serp_verified,77.0,P1,,,,,,,,,
221,이미지 압축,image-compressor,Image Compressor,image_design,KR,South Korea,ko-KR,1,transactional,tool_core,serp_verified,serp_verified,77.0,P1,,,,,,,,,
222,무료 이미지 압축,image-compressor,Image Compressor,image_design,KR,South Korea,ko-KR,1,transactional,tool_variant,editor_reviewed,serp_verified,77.0,P1,,,,,,,,,
225,이미지 압축 사이트,image-compressor,Image Compressor,image_design,KR,South Korea,ko-KR,1,commercial,comparison,editor_reviewed,serp_verified,77.0,P1,,,,,,,,,
227,이미지 압축 모바일,image-compressor,Image Compressor,image_design,KR,South Korea,ko-KR,1,transactional,tool_variant,editor_reviewed,serp_verified,77.0,P1,,,,,,,,,
228,간편 이미지 압축,image-compressor,Image Compressor,image_design,KR,South Korea,ko-KR,1,transactional,tool_variant,editor_reviewed,serp_verified,77.0,P1,,,,,,,,,
230,추천 이미지 압축,image-compressor,Image Compressor,image_design,KR,South Korea,ko-KR,1,commercial,comparison,editor_reviewed,serp_verified,77.0,P1,,,,,,,,,
124,PDF 압축 온라인,pdf-compressor,PDF Compressor,document_pdf,KR,South Korea,ko-KR,1,transactional,tool_variant,editor_reviewed,serp_verified,77.0,P1,,,,,,,,,
126,PDF 압축 회원가입 없이,pdf-compressor,PDF Compressor,document_pdf,KR,South Korea,ko-KR,1,transactional,tool_variant,editor_reviewed,serp_verified,77.0,P1,,,,,,,,,
271,nén ảnh,image-compressor,Image Compressor,image_design,VN,Vietnam,vi-VN,1,transactional,tool_core,serp_verified,serp_verified,77.0,P1,,,,,,,,,
272,nén ảnh miễn phí,image-compressor,Image Compressor,image_design,VN,Vietnam,vi-VN,1,transactional,tool_variant,editor_reviewed,serp_verified,77.0,P1,,,,,,,,,
274,nén ảnh miễn phí online,image-compressor,Image Compressor,image_design,VN,Vietnam,vi-VN,1,transactional,tool_variant,editor_reviewed,serp_verified,77.0,P1,,,,,,,,,
276,công cụ nén ảnh,image-compressor,Image Compressor,image_design,VN,Vietnam,vi-VN,1,commercial,comparison,editor_reviewed,serp_verified,77.0,P1,,,,,,,,,
277,nén ảnh nhanh,image-compressor,Image Compressor,image_design,VN,Vietnam,vi-VN,1,transactional,tool_variant,editor_reviewed,serp_verified,77.0,P1,,,,,,,,,
278,nén ảnh dễ dùng,image-compressor,Image Compressor,image_design,VN,Vietnam,vi-VN,1,transactional,tool_variant,editor_reviewed,serp_verified,77.0,P1,,,,,,,,,
279,nén ảnh trên điện thoại,image-compressor,Image Compressor,image_design,VN,Vietnam,vi-VN,1,transactional,tool_variant,editor_reviewed,serp_verified,77.0,P1,,,,,,,,,
173,nén PDF online,pdf-compressor,PDF Compressor,document_pdf,VN,Vietnam,vi-VN,1,transactional,tool_variant,editor_reviewed,serp_verified,77.0,P1,,,,,,,,,
175,nén PDF không cần đăng ký,pdf-compressor,PDF Compressor,document_pdf,VN,Vietnam,vi-VN,1,transactional,tool_variant,editor_reviewed,serp_verified,77.0,P1,,,,,,,,,
331,Bildgröße ändern,image-resizer,Image Resizer,image_design,DE,Germany,de-DE,2,transactional,tool_core,editor_reviewed,editor_reviewed,76.6,P1,,,,,,,,,
332,Bildgröße ändern kostenlos,image-resizer,Image Resizer,image_design,DE,Germany,de-DE,2,transactional,tool_variant,editor_reviewed,editor_reviewed,76.6,P1,,,,,,,,,
335,Bildgröße ändern kostenlos online,image-resizer,Image Resizer,image_design,DE,Germany,de-DE,2,transactional,tool_variant,editor_reviewed,editor_reviewed,76.6,P1,,,,,,,,,
337,Bildgröße ändern im Browser,image-resizer,Image Resizer,image_design,DE,Germany,de-DE,2,transactional,tool_variant,editor_reviewed,editor_reviewed,76.6,P1,,,,,,,,,
338,einfach Bildgröße ändern,image-resizer,Image Resizer,image_design,DE,Germany,de-DE,2,transactional,tool_variant,editor_reviewed,editor_reviewed,76.6,P1,,,,,,,,,
339,Bildgröße ändern mobil,image-resizer,Image Resizer,image_design,DE,Germany,de-DE,2,transactional,tool_variant,editor_reviewed,editor_reviewed,76.6,P1,,,,,,,,,
340,Bildgröße ändern Tool,image-resizer,Image Resizer,image_design,DE,Germany,de-DE,2,commercial,comparison,editor_reviewed,editor_reviewed,76.6,P1,,,,,,,,,
351,redimensionar imagen,image-resizer,Image Resizer,image_design,ES,Spain,es-ES,2,transactional,tool_core,editor_reviewed,editor_reviewed,76.6,P1,,,,,,,,,
352,redimensionar imagen gratis,image-resizer,Image Resizer,image_design,ES,Spain,es-ES,2,transactional,tool_variant,editor_reviewed,editor_reviewed,76.6,P1,,,,,,,,,
354,redimensionar imagen gratis online,image-resizer,Image Resizer,image_design,ES,Spain,es-ES,2,transactional,tool_variant,editor_reviewed,editor_reviewed,76.6,P1,,,,,,,,,
356,herramienta redimensionar imagen,image-resizer,Image Resizer,image_design,ES,Spain,es-ES,2,commercial,comparison,editor_reviewed,editor_reviewed,76.6,P1,,,,,,,,,
357,redimensionar imagen fácil,image-resizer,Image Resizer,image_design,ES,Spain,es-ES,2,transactional,tool_variant,editor_reviewed,editor_reviewed,76.6,P1,,,,,,,,,
358,redimensionar imagen rápido,image-resizer,Image Resizer,image_design,ES,Spain,es-ES,2,transactional,tool_variant,editor_reviewed,editor_reviewed,76.6,P1,,,,,,,,,
359,redimensionar imagen móvil,image-resizer,Image Resizer,image_design,ES,Spain,es-ES,2,transactional,tool_variant,editor_reviewed,editor_reviewed,76.6,P1,,,,,,,,,
360,mejor redimensionar imagen,image-resizer,Image Resizer,image_design,ES,Spain,es-ES,2,commercial,comparison,editor_reviewed,editor_reviewed,76.6,P1,,,,,,,,,
341,redimensionner image,image-resizer,Image Resizer,image_design,FR,France,fr-FR,2,transactional,tool_core,editor_reviewed,editor_reviewed,76.6,P1,,,,,,,,,
342,redimensionner image gratuit,image-resizer,Image Resizer,image_design,FR,France,fr-FR,2,transactional,tool_variant,editor_reviewed,editor_reviewed,76.6,P1,,,,,,,,,
344,redimensionner image gratuit en ligne,image-resizer,Image Resizer,image_design,FR,France,fr-FR,2,transactional,tool_variant,editor_reviewed,editor_reviewed,76.6,P1,,,,,,,,,
346,outil redimensionner image,image-resizer,Image Resizer,image_design,FR,France,fr-FR,2,commercial,comparison,editor_reviewed,editor_reviewed,76.6,P1,,,,,,,,,
347,redimensionner image facile,image-resizer,Image Resizer,image_design,FR,France,fr-FR,2,transactional,tool_variant,editor_reviewed,editor_reviewed,76.6,P1,,,,,,,,,
348,redimensionner image rapide,image-resizer,Image Resizer,image_design,FR,France,fr-FR,2,transactional,tool_variant,editor_reviewed,editor_reviewed,76.6,P1,,,,,,,,,
349,redimensionner image mobile,image-resizer,Image Resizer,image_design,FR,France,fr-FR,2,transactional,tool_variant,editor_reviewed,editor_reviewed,76.6,P1,,,,,,,,,
350,meilleur redimensionner image,image-resizer,Image Resizer,image_design,FR,France,fr-FR,2,commercial,comparison,editor_reviewed,editor_reviewed,76.6,P1,,,,,,,,,
381,ปรับขนาดรูปภาพ,image-resizer,Image Resizer,image_design,TH,Thailand,th-TH,2,transactional,tool_core,editor_reviewed,editor_reviewed,76.6,P1,,,,,,,,,
382,ปรับขนาดรูปภาพ ฟรี,image-resizer,Image Resizer,image_design,TH,Thailand,th-TH,2,transactional,tool_variant,editor_reviewed,editor_reviewed,76.6,P1,,,,,,,,,
384,ปรับขนาดรูปภาพ ฟรี ออนไลน์,image-resizer,Image Resizer,image_design,TH,Thailand,th-TH,2,transactional,tool_variant,editor_reviewed,editor_reviewed,76.6,P1,,,,,,,,,
386,เครื่องมือ ปรับขนาดรูปภาพ,image-resizer,Image Resizer,image_design,TH,Thailand,th-TH,2,commercial,comparison,editor_reviewed,editor_reviewed,76.6,P1,,,,,,,,,
387,ปรับขนาดรูปภาพ ง่ายๆ,image-resizer,Image Resizer,image_design,TH,Thailand,th-TH,2,transactional,tool_variant,editor_reviewed,editor_reviewed,76.6,P1,,,,,,,,,
388,ปรับขนาดรูปภาพ รวดเร็ว,image-resizer,Image Resizer,image_design,TH,Thailand,th-TH,2,transactional,tool_variant,editor_reviewed,editor_reviewed,76.6,P1,,,,,,,,,
389,ปรับขนาดรูปภาพ บนมือถือ,image-resizer,Image Resizer,image_design,TH,Thailand,th-TH,2,transactional,tool_variant,editor_reviewed,editor_reviewed,76.6,P1,,,,,,,,,
391,resim boyutlandırma,image-resizer,Image Resizer,image_design,TR,Turkey,tr-TR,2,transactional,tool_core,editor_reviewed,editor_reviewed,76.6,P1,,,,,,,,,
392,ücretsiz resim boyutlandırma,image-resizer,Image Resizer,image_design,TR,Turkey,tr-TR,2,transactional,tool_variant,editor_reviewed,editor_reviewed,76.6,P1,,,,,,,,,
394,ücretsiz online resim boyutlandırma,image-resizer,Image Resizer,image_design,TR,Turkey,tr-TR,2,transactional,tool_variant,editor_reviewed,editor_reviewed,76.6,P1,,,,,,,,,
396,resim boyutlandırma aracı,image-resizer,Image Resizer,image_design,TR,Turkey,tr-TR,2,commercial,comparison,editor_reviewed,editor_reviewed,76.6,P1,,,,,,,,,
397,kolay resim boyutlandırma,image-resizer,Image Resizer,image_design,TR,Turkey,tr-TR,2,transactional,tool_variant,editor_reviewed,editor_reviewed,76.6,P1,,,,,,,,,
398,hızlı resim boyutlandırma,image-resizer,Image Resizer,image_design,TR,Turkey,tr-TR,2,transactional,tool_variant,editor_reviewed,editor_reviewed,76.6,P1,,,,,,,,,
399,mobil resim boyutlandırma,image-resizer,Image Resizer,image_design,TR,Turkey,tr-TR,2,transactional,tool_variant,editor_reviewed,editor_reviewed,76.6,P1,,,,,,,,,
202,comprimir imagem grátis,image-compressor,Image Compressor,image_design,BR,Brazil,pt-BR,1,transactional,tool_variant,editor_reviewed,serp_verified,76.0,P1,,,,,,,,,
101,comprimir PDF,pdf-compressor,PDF Compressor,document_pdf,BR,Brazil,pt-BR,1,transactional,tool_core,serp_verified,serp_verified,76.0,P1,,,,,,,,,
104,comprimir PDF grátis online,pdf-compressor,PDF Compressor,document_pdf,BR,Brazil,pt-BR,1,transactional,tool_variant,editor_reviewed,serp_verified,76.0,P1,,,,,,,,,
106,melhor comprimir PDF,pdf-compressor,PDF Compressor,document_pdf,BR,Brazil,pt-BR,1,commercial,comparison,editor_reviewed,serp_verified,76.0,P1,,,,,,,,,
107,comprimir PDF rápido,pdf-compressor,PDF Compressor,document_pdf,BR,Brazil,pt-BR,1,transactional,tool_variant,editor_reviewed,serp_verified,76.0,P1,,,,,,,,,
108,comprimir PDF fácil,pdf-compressor,PDF Compressor,document_pdf,BR,Brazil,pt-BR,1,transactional,tool_variant,editor_reviewed,serp_verified,76.0,P1,,,,,,,,,
109,comprimir PDF para celular,pdf-compressor,PDF Compressor,document_pdf,BR,Brazil,pt-BR,1,transactional,tool_variant,editor_reviewed,serp_verified,76.0,P1,,,,,,,,,
161,kompres PDF,pdf-compressor,PDF Compressor,document_pdf,ID,Indonesia,id-ID,1,transactional,tool_core,serp_verified,serp_verified,76.0,P1,,,,,,,,,
162,kompres PDF gratis,pdf-compressor,PDF Compressor,document_pdf,ID,Indonesia,id-ID,1,transactional,tool_variant,editor_reviewed,serp_verified,76.0,P1,,,,,,,,,
164,kompres PDF gratis online,pdf-compressor,PDF Compressor,document_pdf,ID,Indonesia,id-ID,1,transactional,tool_variant,editor_reviewed,serp_verified,76.0,P1,,,,,,,,,
167,aplikasi kompres PDF,pdf-compressor,PDF Compressor,document_pdf,ID,Indonesia,id-ID,1,commercial,comparison,editor_reviewed,serp_verified,76.0,P1,,,,,,,,,
168,kompres PDF cepat,pdf-compressor,PDF Compressor,document_pdf,ID,Indonesia,id-ID,1,transactional,tool_variant,editor_reviewed,serp_verified,76.0,P1,,,,,,,,,
169,kompres PDF mudah,pdf-compressor,PDF Compressor,document_pdf,ID,Indonesia,id-ID,1,transactional,tool_variant,editor_reviewed,serp_verified,76.0,P1,,,,,,,,,
170,kompres PDF di HP,pdf-compressor,PDF Compressor,document_pdf,ID,Indonesia,id-ID,1,transactional,tool_variant,editor_reviewed,serp_verified,76.0,P1,,,,,,,,,
213,無料 画像 圧縮,image-compressor,Image Compressor,image_design,JP,Japan,ja-JP,1,transactional,tool_variant,editor_reviewed,serp_verified,76.0,P1,,,,,,,,,
111,PDF 圧縮,pdf-compressor,PDF Compressor,document_pdf,JP,Japan,ja-JP,1,transactional,tool_core,serp_verified,serp_verified,76.0,P1,,,,,,,,,
112,PDF 圧縮 無料,pdf-compressor,PDF Compressor,document_pdf,JP,Japan,ja-JP,1,transactional,tool_variant,editor_reviewed,serp_verified,76.0,P1,,,,,,,,,
115,PDF 圧縮 ブラウザ,pdf-compressor,PDF Compressor,document_pdf,JP,Japan,ja-JP,1,transactional,tool_variant,editor_reviewed,serp_verified,76.0,P1,,,,,,,,,
117,PDF 圧縮 スマホ,pdf-compressor,PDF Compressor,document_pdf,JP,Japan,ja-JP,1,transactional,tool_variant,editor_reviewed,serp_verified,76.0,P1,,,,,,,,,
118,簡単 PDF 圧縮,pdf-compressor,PDF Compressor,document_pdf,JP,Japan,ja-JP,1,transactional,tool_variant,editor_reviewed,serp_verified,76.0,P1,,,,,,,,,
120,おすすめ PDF 圧縮,pdf-compressor,PDF Compressor,document_pdf,JP,Japan,ja-JP,1,commercial,comparison,editor_reviewed,serp_verified,76.0,P1,,,,,,,,,
223,이미지 압축 무료,image-compressor,Image Compressor,image_design,KR,South Korea,ko-KR,1,transactional,tool_variant,editor_reviewed,serp_verified,76.0,P1,,,,,,,,,
121,PDF 압축,pdf-compressor,PDF Compressor,document_pdf,KR,South Korea,ko-KR,1,transactional,tool_core,serp_verified,serp_verified,76.0,P1,,,,,,,,,
122,무료 PDF 압축,pdf-compressor,PDF Compressor,document_pdf,KR,South Korea,ko-KR,1,transactional,tool_variant,editor_reviewed,serp_verified,76.0,P1,,,,,,,,,
125,PDF 압축 사이트,pdf-compressor,PDF Compressor,document_pdf,KR,South Korea,ko-KR,1,commercial,comparison,editor_reviewed,serp_verified,76.0,P1,,,,,,,,,
127,PDF 압축 모바일,pdf-compressor,PDF Compressor,document_pdf,KR,South Korea,ko-KR,1,transactional,tool_variant,editor_reviewed,serp_verified,76.0,P1,,,,,,,,,
128,간편 PDF 압축,pdf-compressor,PDF Compressor,document_pdf,KR,South Korea,ko-KR,1,transactional,tool_variant,editor_reviewed,serp_verified,76.0,P1,,,,,,,,,
130,추천 PDF 압축,pdf-compressor,PDF Compressor,document_pdf,KR,South Korea,ko-KR,1,commercial,comparison,editor_reviewed,serp_verified,76.0,P1,,,,,,,,,
171,nén PDF,pdf-compressor,PDF Compressor,document_pdf,VN,Vietnam,vi-VN,1,transactional,tool_core,serp_verified,serp_verified,76.0,P1,,,,,,,,,
172,nén PDF miễn phí,pdf-compressor,PDF Compressor,document_pdf,VN,Vietnam,vi-VN,1,transactional,tool_variant,editor_reviewed,serp_verified,76.0,P1,,,,,,,,,
174,nén PDF miễn phí online,pdf-compressor,PDF Compressor,document_pdf,VN,Vietnam,vi-VN,1,transactional,tool_variant,editor_reviewed,serp_verified,76.0,P1,,,,,,,,,
176,công cụ nén PDF,pdf-compressor,PDF Compressor,document_pdf,VN,Vietnam,vi-VN,1,commercial,comparison,editor_reviewed,serp_verified,76.0,P1,,,,,,,,,
177,nén PDF nhanh,pdf-compressor,PDF Compressor,document_pdf,VN,Vietnam,vi-VN,1,transactional,tool_variant,editor_reviewed,serp_verified,76.0,P1,,,,,,,,,
178,nén PDF dễ dùng,pdf-compressor,PDF Compressor,document_pdf,VN,Vietnam,vi-VN,1,transactional,tool_variant,editor_reviewed,serp_verified,76.0,P1,,,,,,,,,
179,nén PDF trên điện thoại,pdf-compressor,PDF Compressor,document_pdf,VN,Vietnam,vi-VN,1,transactional,tool_variant,editor_reviewed,serp_verified,76.0,P1,,,,,,,,,
333,kostenlos Bildgröße ändern,image-resizer,Image Resizer,image_design,DE,Germany,de-DE,2,transactional,tool_variant,editor_reviewed,editor_reviewed,75.6,P1,,,,,,,,,
234,Bild komprimieren online,image-compressor,Image Compressor,image_design,DE,Germany,de-DE,2,transactional,tool_variant,editor_reviewed,editor_reviewed,75.2,P1,,,,,,,,,
236,Bild komprimieren ohne Anmeldung,image-compressor,Image Compressor,image_design,DE,Germany,de-DE,2,transactional,tool_variant,editor_reviewed,editor_reviewed,75.2,P1,,,,,,,,,
253,comprimir imagen online,image-compressor,Image Compressor,image_design,ES,Spain,es-ES,2,transactional,tool_variant,editor_reviewed,editor_reviewed,75.2,P1,,,,,,,,,
255,comprimir imagen sin registro,image-compressor,Image Compressor,image_design,ES,Spain,es-ES,2,transactional,tool_variant,editor_reviewed,editor_reviewed,75.2,P1,,,,,,,,,
243,compresser image en ligne,image-compressor,Image Compressor,image_design,FR,France,fr-FR,2,transactional,tool_variant,editor_reviewed,editor_reviewed,75.2,P1,,,,,,,,,
245,compresser image sans inscription,image-compressor,Image Compressor,image_design,FR,France,fr-FR,2,transactional,tool_variant,editor_reviewed,editor_reviewed,75.2,P1,,,,,,,,,
283,บีบอัดรูปภาพ ออนไลน์,image-compressor,Image Compressor,image_design,TH,Thailand,th-TH,2,transactional,tool_variant,editor_reviewed,editor_reviewed,75.2,P1,,,,,,,,,
285,บีบอัดรูปภาพ ไม่ต้องสมัคร,image-compressor,Image Compressor,image_design,TH,Thailand,th-TH,2,transactional,tool_variant,editor_reviewed,editor_reviewed,75.2,P1,,,,,,,,,
293,online resim sıkıştırma,image-compressor,Image Compressor,image_design,TR,Turkey,tr-TR,2,transactional,tool_variant,editor_reviewed,editor_reviewed,75.2,P1,,,,,,,,,
295,üyeliksiz resim sıkıştırma,image-compressor,Image Compressor,image_design,TR,Turkey,tr-TR,2,transactional,tool_variant,editor_reviewed,editor_reviewed,75.2,P1,,,,,,,,,
210,como usar comprimir imagem,image-compressor,Image Compressor,image_design,BR,Brazil,pt-BR,1,informational,guide,editor_reviewed,serp_verified,75.0,P1,,,,,,,,,
903,gerador de senhas online,password-generator,Password Generator,calculators_converters,BR,Brazil,pt-BR,1,transactional,tool_variant,editor_reviewed,serp_verified,75.0,P1,,,,,,,,,
905,gerador de senhas sem cadastro,password-generator,Password Generator,calculators_converters,BR,Brazil,pt-BR,1,transactional,tool_variant,editor_reviewed,serp_verified,75.0,P1,,,,,,,,,
102,comprimir PDF grátis,pdf-compressor,PDF Compressor,document_pdf,BR,Brazil,pt-BR,1,transactional,tool_variant,editor_reviewed,serp_verified,75.0,P1,,,,,,,,,
266,cara kompres gambar,image-compressor,Image Compressor,image_design,ID,Indonesia,id-ID,1,informational,guide,editor_reviewed,serp_verified,75.0,P1,,,,,,,,,
963,generator kata sandi online,password-generator,Password Generator,calculators_converters,ID,Indonesia,id-ID,1,transactional,tool_variant,editor_reviewed,serp_verified,75.0,P1,,,,,,,,,
965,generator kata sandi tanpa daftar,password-generator,Password Generator,calculators_converters,ID,Indonesia,id-ID,1,transactional,tool_variant,editor_reviewed,serp_verified,75.0,P1,,,,,,,,,
219,画像 圧縮 使い方,image-compressor,Image Compressor,image_design,JP,Japan,ja-JP,1,informational,guide,editor_reviewed,serp_verified,75.0,P1,,,,,,,,,
914,パスワード 生成 オンライン,password-generator,Password Generator,calculators_converters,JP,Japan,ja-JP,1,transactional,tool_variant,editor_reviewed,serp_verified,75.0,P1,,,,,,,,,
916,パスワード 生成 登録不要,password-generator,Password Generator,calculators_converters,JP,Japan,ja-JP,1,transactional,tool_variant,editor_reviewed,serp_verified,75.0,P1,,,,,,,,,
113,無料 PDF 圧縮,pdf-compressor,PDF Compressor,document_pdf,JP,Japan,ja-JP,1,transactional,tool_variant,editor_reviewed,serp_verified,75.0,P1,,,,,,,,,
229,이미지 압축 사용법,image-compressor,Image Compressor,image_design,KR,South Korea,ko-KR,1,informational,guide,editor_reviewed,serp_verified,75.0,P1,,,,,,,,,
924,비밀번호 생성기 온라인,password-generator,Password Generator,calculators_converters,KR,South Korea,ko-KR,1,transactional,tool_variant,editor_reviewed,serp_verified,75.0,P1,,,,,,,,,
926,비밀번호 생성기 회원가입 없이,password-generator,Password Generator,calculators_converters,KR,South Korea,ko-KR,1,transactional,tool_variant,editor_reviewed,serp_verified,75.0,P1,,,,,,,,,
123,PDF 압축 무료,pdf-compressor,PDF Compressor,document_pdf,KR,South Korea,ko-KR,1,transactional,tool_variant,editor_reviewed,serp_verified,75.0,P1,,,,,,,,,
280,cách nén ảnh,image-compressor,Image Compressor,image_design,VN,Vietnam,vi-VN,1,informational,guide,editor_reviewed,serp_verified,75.0,P1,,,,,,,,,
973,tạo mật khẩu online,password-generator,Password Generator,calculators_converters,VN,Vietnam,vi-VN,1,transactional,tool_variant,editor_reviewed,serp_verified,75.0,P1,,,,,,,,,
975,tạo mật khẩu không cần đăng ký,password-generator,Password Generator,calculators_converters,VN,Vietnam,vi-VN,1,transactional,tool_variant,editor_reviewed,serp_verified,75.0,P1,,,,,,,,,
390,วิธี ปรับขนาดรูปภาพ,image-resizer,Image Resizer,image_design,TH,Thailand,th-TH,2,informational,guide,editor_reviewed,editor_reviewed,74.6,P1,,,,,,,,,
400,resim boyutlandırma nasıl yapılır,image-resizer,Image Resizer,image_design,TR,Turkey,tr-TR,2,informational,guide,editor_reviewed,editor_reviewed,74.6,P1,,,,,,,,,
231,Bild komprimieren,image-compressor,Image Compressor,image_design,DE,Germany,de-DE,2,transactional,tool_core,editor_reviewed,editor_reviewed,74.2,P1,,,,,,,,,
232,Bild komprimieren kostenlos,image-compressor,Image Compressor,image_design,DE,Germany,de-DE,2,transactional,tool_variant,editor_reviewed,editor_reviewed,74.2,P1,,,,,,,,,
235,Bild komprimieren kostenlos online,image-compressor,Image Compressor,image_design,DE,Germany,de-DE,2,transactional,tool_variant,editor_reviewed,editor_reviewed,74.2,P1,,,,,,,,,
237,Bild komprimieren im Browser,image-compressor,Image Compressor,image_design,DE,Germany,de-DE,2,transactional,tool_variant,editor_reviewed,editor_reviewed,74.2,P1,,,,,,,,,
238,einfach Bild komprimieren,image-compressor,Image Compressor,image_design,DE,Germany,de-DE,2,transactional,tool_variant,editor_reviewed,editor_reviewed,74.2,P1,,,,,,,,,
239,Bild komprimieren mobil,image-compressor,Image Compressor,image_design,DE,Germany,de-DE,2,transactional,tool_variant,editor_reviewed,editor_reviewed,74.2,P1,,,,,,,,,
240,Bild komprimieren Tool,image-compressor,Image Compressor,image_design,DE,Germany,de-DE,2,commercial,comparison,editor_reviewed,editor_reviewed,74.2,P1,,,,,,,,,
134,PDF komprimieren online,pdf-compressor,PDF Compressor,document_pdf,DE,Germany,de-DE,2,transactional,tool_variant,editor_reviewed,editor_reviewed,74.2,P1,,,,,,,,,
136,PDF komprimieren ohne Anmeldung,pdf-compressor,PDF Compressor,document_pdf,DE,Germany,de-DE,2,transactional,tool_variant,editor_reviewed,editor_reviewed,74.2,P1,,,,,,,,,
251,comprimir imagen,image-compressor,Image Compressor,image_design,ES,Spain,es-ES,2,transactional,tool_core,editor_reviewed,editor_reviewed,74.2,P1,,,,,,,,,
252,comprimir imagen gratis,image-compressor,Image Compressor,image_design,ES,Spain,es-ES,2,transactional,tool_variant,editor_reviewed,editor_reviewed,74.2,P1,,,,,,,,,
254,comprimir imagen gratis online,image-compressor,Image Compressor,image_design,ES,Spain,es-ES,2,transactional,tool_variant,editor_reviewed,editor_reviewed,74.2,P1,,,,,,,,,
256,herramienta comprimir imagen,image-compressor,Image Compressor,image_design,ES,Spain,es-ES,2,commercial,comparison,editor_reviewed,editor_reviewed,74.2,P1,,,,,,,,,
257,comprimir imagen fácil,image-compressor,Image Compressor,image_design,ES,Spain,es-ES,2,transactional,tool_variant,editor_reviewed,editor_reviewed,74.2,P1,,,,,,,,,
258,comprimir imagen rápido,image-compressor,Image Compressor,image_design,ES,Spain,es-ES,2,transactional,tool_variant,editor_reviewed,editor_reviewed,74.2,P1,,,,,,,,,
259,comprimir imagen móvil,image-compressor,Image Compressor,image_design,ES,Spain,es-ES,2,transactional,tool_variant,editor_reviewed,editor_reviewed,74.2,P1,,,,,,,,,
260,mejor comprimir imagen,image-compressor,Image Compressor,image_design,ES,Spain,es-ES,2,commercial,comparison,editor_reviewed,editor_reviewed,74.2,P1,,,,,,,,,
153,comprimir PDF online,pdf-compressor,PDF Compressor,document_pdf,ES,Spain,es-ES,2,transactional,tool_variant,editor_reviewed,editor_reviewed,74.2,P1,,,,,,,,,
155,comprimir PDF sin registro,pdf-compressor,PDF Compressor,document_pdf,ES,Spain,es-ES,2,transactional,tool_variant,editor_reviewed,editor_reviewed,74.2,P1,,,,,,,,,
241,compresser image,image-compressor,Image Compressor,image_design,FR,France,fr-FR,2,transactional,tool_core,editor_reviewed,editor_reviewed,74.2,P1,,,,,,,,,
242,compresser image gratuit,image-compressor,Image Compressor,image_design,FR,France,fr-FR,2,transactional,tool_variant,editor_reviewed,editor_reviewed,74.2,P1,,,,,,,,,
244,compresser image gratuit en ligne,image-compressor,Image Compressor,image_design,FR,France,fr-FR,2,transactional,tool_variant,editor_reviewed,editor_reviewed,74.2,P1,,,,,,,,,
246,outil compresser image,image-compressor,Image Compressor,image_design,FR,France,fr-FR,2,commercial,comparison,editor_reviewed,editor_reviewed,74.2,P1,,,,,,,,,
247,compresser image facile,image-compressor,Image Compressor,image_design,FR,France,fr-FR,2,transactional,tool_variant,editor_reviewed,editor_reviewed,74.2,P1,,,,,,,,,
248,compresser image rapide,image-compressor,Image Compressor,image_design,FR,France,fr-FR,2,transactional,tool_variant,editor_reviewed,editor_reviewed,74.2,P1,,,,,,,,,
249,compresser image mobile,image-compressor,Image Compressor,image_design,FR,France,fr-FR,2,transactional,tool_variant,editor_reviewed,editor_reviewed,74.2,P1,,,,,,,,,
250,meilleur compresser image,image-compressor,Image Compressor,image_design,FR,France,fr-FR,2,commercial,comparison,editor_reviewed,editor_reviewed,74.2,P1,,,,,,,,,
143,compresser PDF en ligne,pdf-compressor,PDF Compressor,document_pdf,FR,France,fr-FR,2,transactional,tool_variant,editor_reviewed,editor_reviewed,74.2,P1,,,,,,,,,
145,compresser PDF sans inscription,pdf-compressor,PDF Compressor,document_pdf,FR,France,fr-FR,2,transactional,tool_variant,editor_reviewed,editor_reviewed,74.2,P1,,,,,,,,,
281,บีบอัดรูปภาพ,image-compressor,Image Compressor,image_design,TH,Thailand,th-TH,2,transactional,tool_core,editor_reviewed,editor_reviewed,74.2,P1,,,,,,,,,
282,บีบอัดรูปภาพ ฟรี,image-compressor,Image Compressor,image_design,TH,Thailand,th-TH,2,transactional,tool_variant,editor_reviewed,editor_reviewed,74.2,P1,,,,,,,,,
284,บีบอัดรูปภาพ ฟรี ออนไลน์,image-compressor,Image Compressor,image_design,TH,Thailand,th-TH,2,transactional,tool_variant,editor_reviewed,editor_reviewed,74.2,P1,,,,,,,,,
286,เครื่องมือ บีบอัดรูปภาพ,image-compressor,Image Compressor,image_design,TH,Thailand,th-TH,2,commercial,comparison,editor_reviewed,editor_reviewed,74.2,P1,,,,,,,,,
287,บีบอัดรูปภาพ ง่ายๆ,image-compressor,Image Compressor,image_design,TH,Thailand,th-TH,2,transactional,tool_variant,editor_reviewed,editor_reviewed,74.2,P1,,,,,,,,,
288,บีบอัดรูปภาพ รวดเร็ว,image-compressor,Image Compressor,image_design,TH,Thailand,th-TH,2,transactional,tool_variant,editor_reviewed,editor_reviewed,74.2,P1,,,,,,,,,
289,บีบอัดรูปภาพ บนมือถือ,image-compressor,Image Compressor,image_design,TH,Thailand,th-TH,2,transactional,tool_variant,editor_reviewed,editor_reviewed,74.2,P1,,,,,,,,,
183,บีบอัด PDF ออนไลน์,pdf-compressor,PDF Compressor,document_pdf,TH,Thailand,th-TH,2,transactional,tool_variant,editor_reviewed,editor_reviewed,74.2,P1,,,,,,,,,
185,บีบอัด PDF ไม่ต้องสมัคร,pdf-compressor,PDF Compressor,document_pdf,TH,Thailand,th-TH,2,transactional,tool_variant,editor_reviewed,editor_reviewed,74.2,P1,,,,,,,,,
291,resim sıkıştırma,image-compressor,Image Compressor,image_design,TR,Turkey,tr-TR,2,transactional,tool_core,editor_reviewed,editor_reviewed,74.2,P1,,,,,,,,,
292,ücretsiz resim sıkıştırma,image-compressor,Image Compressor,image_design,TR,Turkey,tr-TR,2,transactional,tool_variant,editor_reviewed,editor_reviewed,74.2,P1,,,,,,,,,
294,ücretsiz online resim sıkıştırma,image-compressor,Image Compressor,image_design,TR,Turkey,tr-TR,2,transactional,tool_variant,editor_reviewed,editor_reviewed,74.2,P1,,,,,,,,,
296,resim sıkıştırma aracı,image-compressor,Image Compressor,image_design,TR,Turkey,tr-TR,2,commercial,comparison,editor_reviewed,editor_reviewed,74.2,P1,,,,,,,,,
297,kolay resim sıkıştırma,image-compressor,Image Compressor,image_design,TR,Turkey,tr-TR,2,transactional,tool_variant,editor_reviewed,editor_reviewed,74.2,P1,,,,,,,,,
298,hızlı resim sıkıştırma,image-compressor,Image Compressor,image_design,TR,Turkey,tr-TR,2,transactional,tool_variant,editor_reviewed,editor_reviewed,74.2,P1,,,,,,,,,
299,mobil resim sıkıştırma,image-compressor,Image Compressor,image_design,TR,Turkey,tr-TR,2,transactional,tool_variant,editor_reviewed,editor_reviewed,74.2,P1,,,,,,,,,
193,online PDF sıkıştırma,pdf-compressor,PDF Compressor,document_pdf,TR,Turkey,tr-TR,2,transactional,tool_variant,editor_reviewed,editor_reviewed,74.2,P1,,,,,,,,,
195,üyeliksiz PDF sıkıştırma,pdf-compressor,PDF Compressor,document_pdf,TR,Turkey,tr-TR,2,transactional,tool_variant,editor_reviewed,editor_reviewed,74.2,P1,,,,,,,,,
901,gerador de senhas,password-generator,Password Generator,calculators_converters,BR,Brazil,pt-BR,1,transactional,tool_core,serp_verified,serp_verified,74.0,P1,,,,,,,,,
904,gerador de senhas grátis online,password-generator,Password Generator,calculators_converters,BR,Brazil,pt-BR,1,transactional,tool_variant,editor_reviewed,serp_verified,74.0,P1,,,,,,,,,
906,melhor gerador de senhas,password-generator,Password Generator,calculators_converters,BR,Brazil,pt-BR,1,commercial,comparison,editor_reviewed,serp_verified,74.0,P1,,,,,,,,,
907,gerador de senhas rápido,password-generator,Password Generator,calculators_converters,BR,Brazil,pt-BR,1,transactional,tool_variant,editor_reviewed,serp_verified,74.0,P1,,,,,,,,,
908,gerador de senhas fácil,password-generator,Password Generator,calculators_converters,BR,Brazil,pt-BR,1,transactional,tool_variant,editor_reviewed,serp_verified,74.0,P1,,,,,,,,,
909,gerador de senhas para celular,password-generator,Password Generator,calculators_converters,BR,Brazil,pt-BR,1,transactional,tool_variant,editor_reviewed,serp_verified,74.0,P1,,,,,,,,,
110,como usar comprimir PDF,pdf-compressor,PDF Compressor,document_pdf,BR,Brazil,pt-BR,1,informational,guide,editor_reviewed,serp_verified,74.0,P1,,,,,,,,,
961,generator kata sandi,password-generator,Password Generator,calculators_converters,ID,Indonesia,id-ID,1,transactional,tool_core,serp_verified,serp_verified,74.0,P1,,,,,,,,,
962,generator kata sandi gratis,password-generator,Password Generator,calculators_converters,ID,Indonesia,id-ID,1,transactional,tool_variant,editor_reviewed,serp_verified,74.0,P1,,,,,,,,,
964,generator kata sandi gratis online,password-generator,Password Generator,calculators_converters,ID,Indonesia,id-ID,1,transactional,tool_variant,editor_reviewed,serp_verified,74.0,P1,,,,,,,,,
967,aplikasi generator kata sandi,password-generator,Password Generator,calculators_converters,ID,Indonesia,id-ID,1,commercial,comparison,editor_reviewed,serp_verified,74.0,P1,,,,,,,,,
968,generator kata sandi cepat,password-generator,Password Generator,calculators_converters,ID,Indonesia,id-ID,1,transactional,tool_variant,editor_reviewed,serp_verified,74.0,P1,,,,,,,,,
969,generator kata sandi mudah,password-generator,Password Generator,calculators_converters,ID,Indonesia,id-ID,1,transactional,tool_variant,editor_reviewed,serp_verified,74.0,P1,,,,,,,,,
970,generator kata sandi di HP,password-generator,Password Generator,calculators_converters,ID,Indonesia,id-ID,1,transactional,tool_variant,editor_reviewed,serp_verified,74.0,P1,,,,,,,,,
166,cara kompres PDF,pdf-compressor,PDF Compressor,document_pdf,ID,Indonesia,id-ID,1,informational,guide,editor_reviewed,serp_verified,74.0,P1,,,,,,,,,
911,パスワード 生成,password-generator,Password Generator,calculators_converters,JP,Japan,ja-JP,1,transactional,tool_core,serp_verified,serp_verified,74.0,P1,,,,,,,,,
912,パスワード 生成 無料,password-generator,Password Generator,calculators_converters,JP,Japan,ja-JP,1,transactional,tool_variant,editor_reviewed,serp_verified,74.0,P1,,,,,,,,,
915,パスワード 生成 ブラウザ,password-generator,Password Generator,calculators_converters,JP,Japan,ja-JP,1,transactional,tool_variant,editor_reviewed,serp_verified,74.0,P1,,,,,,,,,
917,パスワード 生成 スマホ,password-generator,Password Generator,calculators_converters,JP,Japan,ja-JP,1,transactional,tool_variant,editor_reviewed,serp_verified,74.0,P1,,,,,,,,,
918,簡単 パスワード 生成,password-generator,Password Generator,calculators_converters,JP,Japan,ja-JP,1,transactional,tool_variant,editor_reviewed,serp_verified,74.0,P1,,,,,,,,,
920,おすすめ パスワード 生成,password-generator,Password Generator,calculators_converters,JP,Japan,ja-JP,1,commercial,comparison,editor_reviewed,serp_verified,74.0,P1,,,,,,,,,
119,PDF 圧縮 使い方,pdf-compressor,PDF Compressor,document_pdf,JP,Japan,ja-JP,1,informational,guide,editor_reviewed,serp_verified,74.0,P1,,,,,,,,,
921,비밀번호 생성기,password-generator,Password Generator,calculators_converters,KR,South Korea,ko-KR,1,transactional,tool_core,serp_verified,serp_verified,74.0,P1,,,,,,,,,
922,무료 비밀번호 생성기,password-generator,Password Generator,calculators_converters,KR,South Korea,ko-KR,1,transactional,tool_variant,editor_reviewed,serp_verified,74.0,P1,,,,,,,,,
925,비밀번호 생성기 사이트,password-generator,Password Generator,calculators_converters,KR,South Korea,ko-KR,1,commercial,comparison,editor_reviewed,serp_verified,74.0,P1,,,,,,,,,
927,비밀번호 생성기 모바일,password-generator,Password Generator,calculators_converters,KR,South Korea,ko-KR,1,transactional,tool_variant,editor_reviewed,serp_verified,74.0,P1,,,,,,,,,
928,간편 비밀번호 생성기,password-generator,Password Generator,calculators_converters,KR,South Korea,ko-KR,1,transactional,tool_variant,editor_reviewed,serp_verified,74.0,P1,,,,,,,,,
930,추천 비밀번호 생성기,password-generator,Password Generator,calculators_converters,KR,South Korea,ko-KR,1,commercial,comparison,editor_reviewed,serp_verified,74.0,P1,,,,,,,,,
129,PDF 압축 사용법,pdf-compressor,PDF Compressor,document_pdf,KR,South Korea,ko-KR,1,informational,guide,editor_reviewed,serp_verified,74.0,P1,,,,,,,,,
971,tạo mật khẩu,password-generator,Password Generator,calculators_converters,VN,Vietnam,vi-VN,1,transactional,tool_core,serp_verified,serp_verified,74.0,P1,,,,,,,,,
972,tạo mật khẩu miễn phí,password-generator,Password Generator,calculators_converters,VN,Vietnam,vi-VN,1,transactional,tool_variant,editor_reviewed,serp_verified,74.0,P1,,,,,,,,,
974,tạo mật khẩu miễn phí online,password-generator,Password Generator,calculators_converters,VN,Vietnam,vi-VN,1,transactional,tool_variant,editor_reviewed,serp_verified,74.0,P1,,,,,,,,,
976,công cụ tạo mật khẩu,password-generator,Password Generator,calculators_converters,VN,Vietnam,vi-VN,1,commercial,comparison,editor_reviewed,serp_verified,74.0,P1,,,,,,,,,
977,tạo mật khẩu nhanh,password-generator,Password Generator,calculators_converters,VN,Vietnam,vi-VN,1,transactional,tool_variant,editor_reviewed,serp_verified,74.0,P1,,,,,,,,,
978,tạo mật khẩu dễ dùng,password-generator,Password Generator,calculators_converters,VN,Vietnam,vi-VN,1,transactional,tool_variant,editor_reviewed,serp_verified,74.0,P1,,,,,,,,,
979,tạo mật khẩu trên điện thoại,password-generator,Password Generator,calculators_converters,VN,Vietnam,vi-VN,1,transactional,tool_variant,editor_reviewed,serp_verified,74.0,P1,,,,,,,,,
180,cách nén PDF,pdf-compressor,PDF Compressor,document_pdf,VN,Vietnam,vi-VN,1,informational,guide,editor_reviewed,serp_verified,74.0,P1,,,,,,,,,
803,formatador JSON online,json-formatter,JSON Formatter,developer,BR,Brazil,pt-BR,1,transactional,tool_variant,editor_reviewed,serp_verified,73.8,P1,,,,,,,,,
805,formatador JSON sem cadastro,json-formatter,JSON Formatter,developer,BR,Brazil,pt-BR,1,transactional,tool_variant,editor_reviewed,serp_verified,73.8,P1,,,,,,,,,
863,formatter JSON online,json-formatter,JSON Formatter,developer,ID,Indonesia,id-ID,1,transactional,tool_variant,editor_reviewed,serp_verified,73.8,P1,,,,,,,,,
865,formatter JSON tanpa daftar,json-formatter,JSON Formatter,developer,ID,Indonesia,id-ID,1,transactional,tool_variant,editor_reviewed,serp_verified,73.8,P1,,,,,,,,,
814,JSON 整形 オンライン,json-formatter,JSON Formatter,developer,JP,Japan,ja-JP,1,transactional,tool_variant,editor_reviewed,serp_verified,73.8,P1,,,,,,,,,
816,JSON 整形 登録不要,json-formatter,JSON Formatter,developer,JP,Japan,ja-JP,1,transactional,tool_variant,editor_reviewed,serp_verified,73.8,P1,,,,,,,,,
824,JSON 포맷터 온라인,json-formatter,JSON Formatter,developer,KR,South Korea,ko-KR,1,transactional,tool_variant,editor_reviewed,serp_verified,73.8,P1,,,,,,,,,
826,JSON 포맷터 회원가입 없이,json-formatter,JSON Formatter,developer,KR,South Korea,ko-KR,1,transactional,tool_variant,editor_reviewed,serp_verified,73.8,P1,,,,,,,,,
873,định dạng JSON online,json-formatter,JSON Formatter,developer,VN,Vietnam,vi-VN,1,transactional,tool_variant,editor_reviewed,serp_verified,73.8,P1,,,,,,,,,
875,định dạng JSON không cần đăng ký,json-formatter,JSON Formatter,developer,VN,Vietnam,vi-VN,1,transactional,tool_variant,editor_reviewed,serp_verified,73.8,P1,,,,,,,,,
233,kostenlos Bild komprimieren,image-compressor,Image Compressor,image_design,DE,Germany,de-DE,2,transactional,tool_variant,editor_reviewed,editor_reviewed,73.2,P1,,,,,,,,,
131,PDF komprimieren,pdf-compressor,PDF Compressor,document_pdf,DE,Germany,de-DE,2,transactional,tool_core,editor_reviewed,editor_reviewed,73.2,P1,,,,,,,,,
132,PDF komprimieren kostenlos,pdf-compressor,PDF Compressor,document_pdf,DE,Germany,de-DE,2,transactional,tool_variant,editor_reviewed,editor_reviewed,73.2,P1,,,,,,,,,
135,PDF komprimieren kostenlos online,pdf-compressor,PDF Compressor,document_pdf,DE,Germany,de-DE,2,transactional,tool_variant,editor_reviewed,editor_reviewed,73.2,P1,,,,,,,,,
137,PDF komprimieren im Browser,pdf-compressor,PDF Compressor,document_pdf,DE,Germany,de-DE,2,transactional,tool_variant,editor_reviewed,editor_reviewed,73.2,P1,,,,,,,,,
138,einfach PDF komprimieren,pdf-compressor,PDF Compressor,document_pdf,DE,Germany,de-DE,2,transactional,tool_variant,editor_reviewed,editor_reviewed,73.2,P1,,,,,,,,,
139,PDF komprimieren mobil,pdf-compressor,PDF Compressor,document_pdf,DE,Germany,de-DE,2,transactional,tool_variant,editor_reviewed,editor_reviewed,73.2,P1,,,,,,,,,
140,PDF komprimieren Tool,pdf-compressor,PDF Compressor,document_pdf,DE,Germany,de-DE,2,commercial,comparison,editor_reviewed,editor_reviewed,73.2,P1,,,,,,,,,
151,comprimir PDF,pdf-compressor,PDF Compressor,document_pdf,ES,Spain,es-ES,2,transactional,tool_core,editor_reviewed,editor_reviewed,73.2,P1,,,,,,,,,
152,comprimir PDF gratis,pdf-compressor,PDF Compressor,document_pdf,ES,Spain,es-ES,2,transactional,tool_variant,editor_reviewed,editor_reviewed,73.2,P1,,,,,,,,,
154,comprimir PDF gratis online,pdf-compressor,PDF Compressor,document_pdf,ES,Spain,es-ES,2,transactional,tool_variant,editor_reviewed,editor_reviewed,73.2,P1,,,,,,,,,
156,herramienta comprimir PDF,pdf-compressor,PDF Compressor,document_pdf,ES,Spain,es-ES,2,commercial,comparison,editor_reviewed,editor_reviewed,73.2,P1,,,,,,,,,
157,comprimir PDF fácil,pdf-compressor,PDF Compressor,document_pdf,ES,Spain,es-ES,2,transactional,tool_variant,editor_reviewed,editor_reviewed,73.2,P1,,,,,,,,,
158,comprimir PDF rápido,pdf-compressor,PDF Compressor,document_pdf,ES,Spain,es-ES,2,transactional,tool_variant,editor_reviewed,editor_reviewed,73.2,P1,,,,,,,,,
159,comprimir PDF móvil,pdf-compressor,PDF Compressor,document_pdf,ES,Spain,es-ES,2,transactional,tool_variant,editor_reviewed,editor_reviewed,73.2,P1,,,,,,,,,
160,mejor comprimir PDF,pdf-compressor,PDF Compressor,document_pdf,ES,Spain,es-ES,2,commercial,comparison,editor_reviewed,editor_reviewed,73.2,P1,,,,,,,,,
141,compresser PDF,pdf-compressor,PDF Compressor,document_pdf,FR,France,fr-FR,2,transactional,tool_core,editor_reviewed,editor_reviewed,73.2,P1,,,,,,,,,
142,compresser PDF gratuit,pdf-compressor,PDF Compressor,document_pdf,FR,France,fr-FR,2,transactional,tool_variant,editor_reviewed,editor_reviewed,73.2,P1,,,,,,,,,
144,compresser PDF gratuit en ligne,pdf-compressor,PDF Compressor,document_pdf,FR,France,fr-FR,2,transactional,tool_variant,editor_reviewed,editor_reviewed,73.2,P1,,,,,,,,,
146,outil compresser PDF,pdf-compressor,PDF Compressor,document_pdf,FR,France,fr-FR,2,commercial,comparison,editor_reviewed,editor_reviewed,73.2,P1,,,,,,,,,
147,compresser PDF facile,pdf-compressor,PDF Compressor,document_pdf,FR,France,fr-FR,2,transactional,tool_variant,editor_reviewed,editor_reviewed,73.2,P1,,,,,,,,,
148,compresser PDF rapide,pdf-compressor,PDF Compressor,document_pdf,FR,France,fr-FR,2,transactional,tool_variant,editor_reviewed,editor_reviewed,73.2,P1,,,,,,,,,
149,compresser PDF mobile,pdf-compressor,PDF Compressor,document_pdf,FR,France,fr-FR,2,transactional,tool_variant,editor_reviewed,editor_reviewed,73.2,P1,,,,,,,,,
150,meilleur compresser PDF,pdf-compressor,PDF Compressor,document_pdf,FR,France,fr-FR,2,commercial,comparison,editor_reviewed,editor_reviewed,73.2,P1,,,,,,,,,
181,บีบอัด PDF,pdf-compressor,PDF Compressor,document_pdf,TH,Thailand,th-TH,2,transactional,tool_core,editor_reviewed,editor_reviewed,73.2,P1,,,,,,,,,
182,บีบอัด PDF ฟรี,pdf-compressor,PDF Compressor,document_pdf,TH,Thailand,th-TH,2,transactional,tool_variant,editor_reviewed,editor_reviewed,73.2,P1,,,,,,,,,
184,บีบอัด PDF ฟรี ออนไลน์,pdf-compressor,PDF Compressor,document_pdf,TH,Thailand,th-TH,2,transactional,tool_variant,editor_reviewed,editor_reviewed,73.2,P1,,,,,,,,,
186,เครื่องมือ บีบอัด PDF,pdf-compressor,PDF Compressor,document_pdf,TH,Thailand,th-TH,2,commercial,comparison,editor_reviewed,editor_reviewed,73.2,P1,,,,,,,,,
187,บีบอัด PDF ง่ายๆ,pdf-compressor,PDF Compressor,document_pdf,TH,Thailand,th-TH,2,transactional,tool_variant,editor_reviewed,editor_reviewed,73.2,P1,,,,,,,,,
188,บีบอัด PDF รวดเร็ว,pdf-compressor,PDF Compressor,document_pdf,TH,Thailand,th-TH,2,transactional,tool_variant,editor_reviewed,editor_reviewed,73.2,P1,,,,,,,,,
189,บีบอัด PDF บนมือถือ,pdf-compressor,PDF Compressor,document_pdf,TH,Thailand,th-TH,2,transactional,tool_variant,editor_reviewed,editor_reviewed,73.2,P1,,,,,,,,,
191,PDF sıkıştırma,pdf-compressor,PDF Compressor,document_pdf,TR,Turkey,tr-TR,2,transactional,tool_core,editor_reviewed,editor_reviewed,73.2,P1,,,,,,,,,
192,ücretsiz PDF sıkıştırma,pdf-compressor,PDF Compressor,document_pdf,TR,Turkey,tr-TR,2,transactional,tool_variant,editor_reviewed,editor_reviewed,73.2,P1,,,,,,,,,
194,ücretsiz online PDF sıkıştırma,pdf-compressor,PDF Compressor,document_pdf,TR,Turkey,tr-TR,2,transactional,tool_variant,editor_reviewed,editor_reviewed,73.2,P1,,,,,,,,,
196,PDF sıkıştırma aracı,pdf-compressor,PDF Compressor,document_pdf,TR,Turkey,tr-TR,2,commercial,comparison,editor_reviewed,editor_reviewed,73.2,P1,,,,,,,,,
197,kolay PDF sıkıştırma,pdf-compressor,PDF Compressor,document_pdf,TR,Turkey,tr-TR,2,transactional,tool_variant,editor_reviewed,editor_reviewed,73.2,P1,,,,,,,,,
198,hızlı PDF sıkıştırma,pdf-compressor,PDF Compressor,document_pdf,TR,Turkey,tr-TR,2,transactional,tool_variant,editor_reviewed,editor_reviewed,73.2,P1,,,,,,,,,
199,mobil PDF sıkıştırma,pdf-compressor,PDF Compressor,document_pdf,TR,Turkey,tr-TR,2,transactional,tool_variant,editor_reviewed,editor_reviewed,73.2,P1,,,,,,,,,
902,gerador de senhas grátis,password-generator,Password Generator,calculators_converters,BR,Brazil,pt-BR,1,transactional,tool_variant,editor_reviewed,serp_verified,73.0,P1,,,,,,,,,
913,無料 パスワード 生成,password-generator,Password Generator,calculators_converters,JP,Japan,ja-JP,1,transactional,tool_variant,editor_reviewed,serp_verified,73.0,P1,,,,,,,,,
923,비밀번호 생성기 무료,password-generator,Password Generator,calculators_converters,KR,South Korea,ko-KR,1,transactional,tool_variant,editor_reviewed,serp_verified,73.0,P1,,,,,,,,,
503,contador de caracteres online,character-counter,Character Counter,social_communication,BR,Brazil,pt-BR,1,transactional,tool_variant,editor_reviewed,serp_verified,72.8,P1,,,,,,,,,
505,contador de caracteres sem cadastro,character-counter,Character Counter,social_communication,BR,Brazil,pt-BR,1,transactional,tool_variant,editor_reviewed,serp_verified,72.8,P1,,,,,,,,,
801,formatador JSON,json-formatter,JSON Formatter,developer,BR,Brazil,pt-BR,1,transactional,tool_core,serp_verified,serp_verified,72.8,P1,,,,,,,,,
804,formatador JSON grátis online,json-formatter,JSON Formatter,developer,BR,Brazil,pt-BR,1,transactional,tool_variant,editor_reviewed,serp_verified,72.8,P1,,,,,,,,,
806,melhor formatador JSON,json-formatter,JSON Formatter,developer,BR,Brazil,pt-BR,1,commercial,comparison,editor_reviewed,serp_verified,72.8,P1,,,,,,,,,
807,formatador JSON rápido,json-formatter,JSON Formatter,developer,BR,Brazil,pt-BR,1,transactional,tool_variant,editor_reviewed,serp_verified,72.8,P1,,,,,,,,,
808,formatador JSON fácil,json-formatter,JSON Formatter,developer,BR,Brazil,pt-BR,1,transactional,tool_variant,editor_reviewed,serp_verified,72.8,P1,,,,,,,,,
809,formatador JSON para celular,json-formatter,JSON Formatter,developer,BR,Brazil,pt-BR,1,transactional,tool_variant,editor_reviewed,serp_verified,72.8,P1,,,,,,,,,
563,penghitung karakter online,character-counter,Character Counter,social_communication,ID,Indonesia,id-ID,1,transactional,tool_variant,editor_reviewed,serp_verified,72.8,P1,,,,,,,,,
565,penghitung karakter tanpa daftar,character-counter,Character Counter,social_communication,ID,Indonesia,id-ID,1,transactional,tool_variant,editor_reviewed,serp_verified,72.8,P1,,,,,,,,,
861,formatter JSON,json-formatter,JSON Formatter,developer,ID,Indonesia,id-ID,1,transactional,tool_core,serp_verified,serp_verified,72.8,P1,,,,,,,,,
862,formatter JSON gratis,json-formatter,JSON Formatter,developer,ID,Indonesia,id-ID,1,transactional,tool_variant,editor_reviewed,serp_verified,72.8,P1,,,,,,,,,
864,formatter JSON gratis online,json-formatter,JSON Formatter,developer,ID,Indonesia,id-ID,1,transactional,tool_variant,editor_reviewed,serp_verified,72.8,P1,,,,,,,,,
867,aplikasi formatter JSON,json-formatter,JSON Formatter,developer,ID,Indonesia,id-ID,1,commercial,comparison,editor_reviewed,serp_verified,72.8,P1,,,,,,,,,
868,formatter JSON cepat,json-formatter,JSON Formatter,developer,ID,Indonesia,id-ID,1,transactional,tool_variant,editor_reviewed,serp_verified,72.8,P1,,,,,,,,,
869,formatter JSON mudah,json-formatter,JSON Formatter,developer,ID,Indonesia,id-ID,1,transactional,tool_variant,editor_reviewed,serp_verified,72.8,P1,,,,,,,,,
870,formatter JSON di HP,json-formatter,JSON Formatter,developer,ID,Indonesia,id-ID,1,transactional,tool_variant,editor_reviewed,serp_verified,72.8,P1,,,,,,,,,
514,文字数 カウント オンライン,character-counter,Character Counter,social_communication,JP,Japan,ja-JP,1,transactional,tool_variant,editor_reviewed,serp_verified,72.8,P1,,,,,,,,,
516,文字数 カウント 登録不要,character-counter,Character Counter,social_communication,JP,Japan,ja-JP,1,transactional,tool_variant,editor_reviewed,serp_verified,72.8,P1,,,,,,,,,
811,JSON 整形,json-formatter,JSON Formatter,developer,JP,Japan,ja-JP,1,transactional,tool_core,serp_verified,serp_verified,72.8,P1,,,,,,,,,
812,JSON 整形 無料,json-formatter,JSON Formatter,developer,JP,Japan,ja-JP,1,transactional,tool_variant,editor_reviewed,serp_verified,72.8,P1,,,,,,,,,
815,JSON 整形 ブラウザ,json-formatter,JSON Formatter,developer,JP,Japan,ja-JP,1,transactional,tool_variant,editor_reviewed,serp_verified,72.8,P1,,,,,,,,,
817,JSON 整形 スマホ,json-formatter,JSON Formatter,developer,JP,Japan,ja-JP,1,transactional,tool_variant,editor_reviewed,serp_verified,72.8,P1,,,,,,,,,
818,簡単 JSON 整形,json-formatter,JSON Formatter,developer,JP,Japan,ja-JP,1,transactional,tool_variant,editor_reviewed,serp_verified,72.8,P1,,,,,,,,,
820,おすすめ JSON 整形,json-formatter,JSON Formatter,developer,JP,Japan,ja-JP,1,commercial,comparison,editor_reviewed,serp_verified,72.8,P1,,,,,,,,,
524,글자 수 세기 온라인,character-counter,Character Counter,social_communication,KR,South Korea,ko-KR,1,transactional,tool_variant,editor_reviewed,serp_verified,72.8,P1,,,,,,,,,
526,글자 수 세기 회원가입 없이,character-counter,Character Counter,social_communication,KR,South Korea,ko-KR,1,transactional,tool_variant,editor_reviewed,serp_verified,72.8,P1,,,,,,,,,
821,JSON 포맷터,json-formatter,JSON Formatter,developer,KR,South Korea,ko-KR,1,transactional,tool_core,serp_verified,serp_verified,72.8,P1,,,,,,,,,
822,무료 JSON 포맷터,json-formatter,JSON Formatter,developer,KR,South Korea,ko-KR,1,transactional,tool_variant,editor_reviewed,serp_verified,72.8,P1,,,,,,,,,
825,JSON 포맷터 사이트,json-formatter,JSON Formatter,developer,KR,South Korea,ko-KR,1,commercial,comparison,editor_reviewed,serp_verified,72.8,P1,,,,,,,,,
827,JSON 포맷터 모바일,json-formatter,JSON Formatter,developer,KR,South Korea,ko-KR,1,transactional,tool_variant,editor_reviewed,serp_verified,72.8,P1,,,,,,,,,
828,간편 JSON 포맷터,json-formatter,JSON Formatter,developer,KR,South Korea,ko-KR,1,transactional,tool_variant,editor_reviewed,serp_verified,72.8,P1,,,,,,,,,
830,추천 JSON 포맷터,json-formatter,JSON Formatter,developer,KR,South Korea,ko-KR,1,commercial,comparison,editor_reviewed,serp_verified,72.8,P1,,,,,,,,,
573,đếm ký tự online,character-counter,Character Counter,social_communication,VN,Vietnam,vi-VN,1,transactional,tool_variant,editor_reviewed,serp_verified,72.8,P1,,,,,,,,,
575,đếm ký tự không cần đăng ký,character-counter,Character Counter,social_communication,VN,Vietnam,vi-VN,1,transactional,tool_variant,editor_reviewed,serp_verified,72.8,P1,,,,,,,,,
871,định dạng JSON,json-formatter,JSON Formatter,developer,VN,Vietnam,vi-VN,1,transactional,tool_core,serp_verified,serp_verified,72.8,P1,,,,,,,,,
872,định dạng JSON miễn phí,json-formatter,JSON Formatter,developer,VN,Vietnam,vi-VN,1,transactional,tool_variant,editor_reviewed,serp_verified,72.8,P1,,,,,,,,,
874,định dạng JSON miễn phí online,json-formatter,JSON Formatter,developer,VN,Vietnam,vi-VN,1,transactional,tool_variant,editor_reviewed,serp_verified,72.8,P1,,,,,,,,,
876,công cụ định dạng JSON,json-formatter,JSON Formatter,developer,VN,Vietnam,vi-VN,1,commercial,comparison,editor_reviewed,serp_verified,72.8,P1,,,,,,,,,
877,định dạng JSON nhanh,json-formatter,JSON Formatter,developer,VN,Vietnam,vi-VN,1,transactional,tool_variant,editor_reviewed,serp_verified,72.8,P1,,,,,,,,,
878,định dạng JSON dễ dùng,json-formatter,JSON Formatter,developer,VN,Vietnam,vi-VN,1,transactional,tool_variant,editor_reviewed,serp_verified,72.8,P1,,,,,,,,,
879,định dạng JSON trên điện thoại,json-formatter,JSON Formatter,developer,VN,Vietnam,vi-VN,1,transactional,tool_variant,editor_reviewed,serp_verified,72.8,P1,,,,,,,,,
934,Passwort Generator online,password-generator,Password Generator,calculators_converters,DE,Germany,de-DE,2,transactional,tool_variant,editor_reviewed,editor_reviewed,72.2,P1,,,,,,,,,
936,Passwort Generator ohne Anmeldung,password-generator,Password Generator,calculators_converters,DE,Germany,de-DE,2,transactional,tool_variant,editor_reviewed,editor_reviewed,72.2,P1,,,,,,,,,
133,kostenlos PDF komprimieren,pdf-compressor,PDF Compressor,document_pdf,DE,Germany,de-DE,2,transactional,tool_variant,editor_reviewed,editor_reviewed,72.2,P1,,,,,,,,,
953,generador de contraseñas online,password-generator,Password Generator,calculators_converters,ES,Spain,es-ES,2,transactional,tool_variant,editor_reviewed,editor_reviewed,72.2,P1,,,,,,,,,
955,generador de contraseñas sin registro,password-generator,Password Generator,calculators_converters,ES,Spain,es-ES,2,transactional,tool_variant,editor_reviewed,editor_reviewed,72.2,P1,,,,,,,,,
943,générateur de mot de passe en ligne,password-generator,Password Generator,calculators_converters,FR,France,fr-FR,2,transactional,tool_variant,editor_reviewed,editor_reviewed,72.2,P1,,,,,,,,,
945,générateur de mot de passe sans inscription,password-generator,Password Generator,calculators_converters,FR,France,fr-FR,2,transactional,tool_variant,editor_reviewed,editor_reviewed,72.2,P1,,,,,,,,,
290,วิธี บีบอัดรูปภาพ,image-compressor,Image Compressor,image_design,TH,Thailand,th-TH,2,informational,guide,editor_reviewed,editor_reviewed,72.2,P1,,,,,,,,,
983,สร้างรหัสผ่าน ออนไลน์,password-generator,Password Generator,calculators_converters,TH,Thailand,th-TH,2,transactional,tool_variant,editor_reviewed,editor_reviewed,72.2,P1,,,,,,,,,
985,สร้างรหัสผ่าน ไม่ต้องสมัคร,password-generator,Password Generator,calculators_converters,TH,Thailand,th-TH,2,transactional,tool_variant,editor_reviewed,editor_reviewed,72.2,P1,,,,,,,,,
300,resim sıkıştırma nasıl yapılır,image-compressor,Image Compressor,image_design,TR,Turkey,tr-TR,2,informational,guide,editor_reviewed,editor_reviewed,72.2,P1,,,,,,,,,
993,online şifre oluşturucu,password-generator,Password Generator,calculators_converters,TR,Turkey,tr-TR,2,transactional,tool_variant,editor_reviewed,editor_reviewed,72.2,P1,,,,,,,,,
995,üyeliksiz şifre oluşturucu,password-generator,Password Generator,calculators_converters,TR,Turkey,tr-TR,2,transactional,tool_variant,editor_reviewed,editor_reviewed,72.2,P1,,,,,,,,,
910,como usar gerador de senhas,password-generator,Password Generator,calculators_converters,BR,Brazil,pt-BR,1,informational,guide,editor_reviewed,serp_verified,72.0,P1,,,,,,,,,
966,cara generator kata sandi,password-generator,Password Generator,calculators_converters,ID,Indonesia,id-ID,1,informational,guide,editor_reviewed,serp_verified,72.0,P1,,,,,,,,,
919,パスワード 生成 使い方,password-generator,Password Generator,calculators_converters,JP,Japan,ja-JP,1,informational,guide,editor_reviewed,serp_verified,72.0,P1,,,,,,,,,
929,비밀번호 생성기 사용법,password-generator,Password Generator,calculators_converters,KR,South Korea,ko-KR,1,informational,guide,editor_reviewed,serp_verified,72.0,P1,,,,,,,,,
980,cách tạo mật khẩu,password-generator,Password Generator,calculators_converters,VN,Vietnam,vi-VN,1,informational,guide,editor_reviewed,serp_verified,72.0,P1,,,,,,,,,
501,contador de caracteres,character-counter,Character Counter,social_communication,BR,Brazil,pt-BR,1,transactional,tool_core,serp_verified,serp_verified,71.8,P1,,,,,,,,,
504,contador de caracteres grátis online,character-counter,Character Counter,social_communication,BR,Brazil,pt-BR,1,transactional,tool_variant,editor_reviewed,serp_verified,71.8,P1,,,,,,,,,
506,melhor contador de caracteres,character-counter,Character Counter,social_communication,BR,Brazil,pt-BR,1,commercial,comparison,editor_reviewed,serp_verified,71.8,P1,,,,,,,,,
507,contador de caracteres rápido,character-counter,Character Counter,social_communication,BR,Brazil,pt-BR,1,transactional,tool_variant,editor_reviewed,serp_verified,71.8,P1,,,,,,,,,
508,contador de caracteres fácil,character-counter,Character Counter,social_communication,BR,Brazil,pt-BR,1,transactional,tool_variant,editor_reviewed,serp_verified,71.8,P1,,,,,,,,,
509,contador de caracteres para celular,character-counter,Character Counter,social_communication,BR,Brazil,pt-BR,1,transactional,tool_variant,editor_reviewed,serp_verified,71.8,P1,,,,,,,,,
802,formatador JSON grátis,json-formatter,JSON Formatter,developer,BR,Brazil,pt-BR,1,transactional,tool_variant,editor_reviewed,serp_verified,71.8,P1,,,,,,,,,
561,penghitung karakter,character-counter,Character Counter,social_communication,ID,Indonesia,id-ID,1,transactional,tool_core,serp_verified,serp_verified,71.8,P1,,,,,,,,,
562,penghitung karakter gratis,character-counter,Character Counter,social_communication,ID,Indonesia,id-ID,1,transactional,tool_variant,editor_reviewed,serp_verified,71.8,P1,,,,,,,,,
564,penghitung karakter gratis online,character-counter,Character Counter,social_communication,ID,Indonesia,id-ID,1,transactional,tool_variant,editor_reviewed,serp_verified,71.8,P1,,,,,,,,,
567,aplikasi penghitung karakter,character-counter,Character Counter,social_communication,ID,Indonesia,id-ID,1,commercial,comparison,editor_reviewed,serp_verified,71.8,P1,,,,,,,,,
568,penghitung karakter cepat,character-counter,Character Counter,social_communication,ID,Indonesia,id-ID,1,transactional,tool_variant,editor_reviewed,serp_verified,71.8,P1,,,,,,,,,
569,penghitung karakter mudah,character-counter,Character Counter,social_communication,ID,Indonesia,id-ID,1,transactional,tool_variant,editor_reviewed,serp_verified,71.8,P1,,,,,,,,,
570,penghitung karakter di HP,character-counter,Character Counter,social_communication,ID,Indonesia,id-ID,1,transactional,tool_variant,editor_reviewed,serp_verified,71.8,P1,,,,,,,,,
511,文字数 カウント,character-counter,Character Counter,social_communication,JP,Japan,ja-JP,1,transactional,tool_core,serp_verified,serp_verified,71.8,P1,,,,,,,,,
512,文字数 カウント 無料,character-counter,Character Counter,social_communication,JP,Japan,ja-JP,1,transactional,tool_variant,editor_reviewed,serp_verified,71.8,P1,,,,,,,,,
515,文字数 カウント ブラウザ,character-counter,Character Counter,social_communication,JP,Japan,ja-JP,1,transactional,tool_variant,editor_reviewed,serp_verified,71.8,P1,,,,,,,,,
517,文字数 カウント スマホ,character-counter,Character Counter,social_communication,JP,Japan,ja-JP,1,transactional,tool_variant,editor_reviewed,serp_verified,71.8,P1,,,,,,,,,
518,簡単 文字数 カウント,character-counter,Character Counter,social_communication,JP,Japan,ja-JP,1,transactional,tool_variant,editor_reviewed,serp_verified,71.8,P1,,,,,,,,,
520,おすすめ 文字数 カウント,character-counter,Character Counter,social_communication,JP,Japan,ja-JP,1,commercial,comparison,editor_reviewed,serp_verified,71.8,P1,,,,,,,,,
813,無料 JSON 整形,json-formatter,JSON Formatter,developer,JP,Japan,ja-JP,1,transactional,tool_variant,editor_reviewed,serp_verified,71.8,P1,,,,,,,,,
521,글자 수 세기,character-counter,Character Counter,social_communication,KR,South Korea,ko-KR,1,transactional,tool_core,serp_verified,serp_verified,71.8,P1,,,,,,,,,
522,무료 글자 수 세기,character-counter,Character Counter,social_communication,KR,South Korea,ko-KR,1,transactional,tool_variant,editor_reviewed,serp_verified,71.8,P1,,,,,,,,,
525,글자 수 세기 사이트,character-counter,Character Counter,social_communication,KR,South Korea,ko-KR,1,commercial,comparison,editor_reviewed,serp_verified,71.8,P1,,,,,,,,,
527,글자 수 세기 모바일,character-counter,Character Counter,social_communication,KR,South Korea,ko-KR,1,transactional,tool_variant,editor_reviewed,serp_verified,71.8,P1,,,,,,,,,
528,간편 글자 수 세기,character-counter,Character Counter,social_communication,KR,South Korea,ko-KR,1,transactional,tool_variant,editor_reviewed,serp_verified,71.8,P1,,,,,,,,,
530,추천 글자 수 세기,character-counter,Character Counter,social_communication,KR,South Korea,ko-KR,1,commercial,comparison,editor_reviewed,serp_verified,71.8,P1,,,,,,,,,
823,JSON 포맷터 무료,json-formatter,JSON Formatter,developer,KR,South Korea,ko-KR,1,transactional,tool_variant,editor_reviewed,serp_verified,71.8,P1,,,,,,,,,
571,đếm ký tự,character-counter,Character Counter,social_communication,VN,Vietnam,vi-VN,1,transactional,tool_core,serp_verified,serp_verified,71.8,P1,,,,,,,,,
572,đếm ký tự miễn phí,character-counter,Character Counter,social_communication,VN,Vietnam,vi-VN,1,transactional,tool_variant,editor_reviewed,serp_verified,71.8,P1,,,,,,,,,
574,đếm ký tự miễn phí online,character-counter,Character Counter,social_communication,VN,Vietnam,vi-VN,1,transactional,tool_variant,editor_reviewed,serp_verified,71.8,P1,,,,,,,,,
576,công cụ đếm ký tự,character-counter,Character Counter,social_communication,VN,Vietnam,vi-VN,1,commercial,comparison,editor_reviewed,serp_verified,71.8,P1,,,,,,,,,
577,đếm ký tự nhanh,character-counter,Character Counter,social_communication,VN,Vietnam,vi-VN,1,transactional,tool_variant,editor_reviewed,serp_verified,71.8,P1,,,,,,,,,
578,đếm ký tự dễ dùng,character-counter,Character Counter,social_communication,VN,Vietnam,vi-VN,1,transactional,tool_variant,editor_reviewed,serp_verified,71.8,P1,,,,,,,,,
579,đếm ký tự trên điện thoại,character-counter,Character Counter,social_communication,VN,Vietnam,vi-VN,1,transactional,tool_variant,editor_reviewed,serp_verified,71.8,P1,,,,,,,,,
931,Passwort Generator,password-generator,Password Generator,calculators_converters,DE,Germany,de-DE,2,transactional,tool_core,editor_reviewed,editor_reviewed,71.2,P1,,,,,,,,,
932,Passwort Generator kostenlos,password-generator,Password Generator,calculators_converters,DE,Germany,de-DE,2,transactional,tool_variant,editor_reviewed,editor_reviewed,71.2,P1,,,,,,,,,
935,Passwort Generator kostenlos online,password-generator,Password Generator,calculators_converters,DE,Germany,de-DE,2,transactional,tool_variant,editor_reviewed,editor_reviewed,71.2,P1,,,,,,,,,
937,Passwort Generator im Browser,password-generator,Password Generator,calculators_converters,DE,Germany,de-DE,2,transactional,tool_variant,editor_reviewed,editor_reviewed,71.2,P1,,,,,,,,,
938,einfach Passwort Generator,password-generator,Password Generator,calculators_converters,DE,Germany,de-DE,2,transactional,tool_variant,editor_reviewed,editor_reviewed,71.2,P1,,,,,,,,,
939,Passwort Generator mobil,password-generator,Password Generator,calculators_converters,DE,Germany,de-DE,2,transactional,tool_variant,editor_reviewed,editor_reviewed,71.2,P1,,,,,,,,,
940,Passwort Generator Tool,password-generator,Password Generator,calculators_converters,DE,Germany,de-DE,2,commercial,comparison,editor_reviewed,editor_reviewed,71.2,P1,,,,,,,,,
951,generador de contraseñas,password-generator,Password Generator,calculators_converters,ES,Spain,es-ES,2,transactional,tool_core,editor_reviewed,editor_reviewed,71.2,P1,,,,,,,,,
952,generador de contraseñas gratis,password-generator,Password Generator,calculators_converters,ES,Spain,es-ES,2,transactional,tool_variant,editor_reviewed,editor_reviewed,71.2,P1,,,,,,,,,
954,generador de contraseñas gratis online,password-generator,Password Generator,calculators_converters,ES,Spain,es-ES,2,transactional,tool_variant,editor_reviewed,editor_reviewed,71.2,P1,,,,,,,,,
956,herramienta generador de contraseñas,password-generator,Password Generator,calculators_converters,ES,Spain,es-ES,2,commercial,comparison,editor_reviewed,editor_reviewed,71.2,P1,,,,,,,,,
957,generador de contraseñas fácil,password-generator,Password Generator,calculators_converters,ES,Spain,es-ES,2,transactional,tool_variant,editor_reviewed,editor_reviewed,71.2,P1,,,,,,,,,
958,generador de contraseñas rápido,password-generator,Password Generator,calculators_converters,ES,Spain,es-ES,2,transactional,tool_variant,editor_reviewed,editor_reviewed,71.2,P1,,,,,,,,,
959,generador de contraseñas móvil,password-generator,Password Generator,calculators_converters,ES,Spain,es-ES,2,transactional,tool_variant,editor_reviewed,editor_reviewed,71.2,P1,,,,,,,,,
960,mejor generador de contraseñas,password-generator,Password Generator,calculators_converters,ES,Spain,es-ES,2,commercial,comparison,editor_reviewed,editor_reviewed,71.2,P1,,,,,,,,,
941,générateur de mot de passe,password-generator,Password Generator,calculators_converters,FR,France,fr-FR,2,transactional,tool_core,editor_reviewed,editor_reviewed,71.2,P1,,,,,,,,,
942,générateur de mot de passe gratuit,password-generator,Password Generator,calculators_converters,FR,France,fr-FR,2,transactional,tool_variant,editor_reviewed,editor_reviewed,71.2,P1,,,,,,,,,
944,générateur de mot de passe gratuit en ligne,password-generator,Password Generator,calculators_converters,FR,France,fr-FR,2,transactional,tool_variant,editor_reviewed,editor_reviewed,71.2,P1,,,,,,,,,
946,outil générateur de mot de passe,password-generator,Password Generator,calculators_converters,FR,France,fr-FR,2,commercial,comparison,editor_reviewed,editor_reviewed,71.2,P1,,,,,,,,,
947,générateur de mot de passe facile,password-generator,Password Generator,calculators_converters,FR,France,fr-FR,2,transactional,tool_variant,editor_reviewed,editor_reviewed,71.2,P1,,,,,,,,,
948,générateur de mot de passe rapide,password-generator,Password Generator,calculators_converters,FR,France,fr-FR,2,transactional,tool_variant,editor_reviewed,editor_reviewed,71.2,P1,,,,,,,,,
949,générateur de mot de passe mobile,password-generator,Password Generator,calculators_converters,FR,France,fr-FR,2,transactional,tool_variant,editor_reviewed,editor_reviewed,71.2,P1,,,,,,,,,
950,meilleur générateur de mot de passe,password-generator,Password Generator,calculators_converters,FR,France,fr-FR,2,commercial,comparison,editor_reviewed,editor_reviewed,71.2,P1,,,,,,,,,
981,สร้างรหัสผ่าน,password-generator,Password Generator,calculators_converters,TH,Thailand,th-TH,2,transactional,tool_core,editor_reviewed,editor_reviewed,71.2,P1,,,,,,,,,
982,สร้างรหัสผ่าน ฟรี,password-generator,Password Generator,calculators_converters,TH,Thailand,th-TH,2,transactional,tool_variant,editor_reviewed,editor_reviewed,71.2,P1,,,,,,,,,
984,สร้างรหัสผ่าน ฟรี ออนไลน์,password-generator,Password Generator,calculators_converters,TH,Thailand,th-TH,2,transactional,tool_variant,editor_reviewed,editor_reviewed,71.2,P1,,,,,,,,,
986,เครื่องมือ สร้างรหัสผ่าน,password-generator,Password Generator,calculators_converters,TH,Thailand,th-TH,2,commercial,comparison,editor_reviewed,editor_reviewed,71.2,P1,,,,,,,,,
987,สร้างรหัสผ่าน ง่ายๆ,password-generator,Password Generator,calculators_converters,TH,Thailand,th-TH,2,transactional,tool_variant,editor_reviewed,editor_reviewed,71.2,P1,,,,,,,,,
988,สร้างรหัสผ่าน รวดเร็ว,password-generator,Password Generator,calculators_converters,TH,Thailand,th-TH,2,transactional,tool_variant,editor_reviewed,editor_reviewed,71.2,P1,,,,,,,,,
989,สร้างรหัสผ่าน บนมือถือ,password-generator,Password Generator,calculators_converters,TH,Thailand,th-TH,2,transactional,tool_variant,editor_reviewed,editor_reviewed,71.2,P1,,,,,,,,,
190,วิธี บีบอัด PDF,pdf-compressor,PDF Compressor,document_pdf,TH,Thailand,th-TH,2,informational,guide,editor_reviewed,editor_reviewed,71.2,P1,,,,,,,,,
991,şifre oluşturucu,password-generator,Password Generator,calculators_converters,TR,Turkey,tr-TR,2,transactional,tool_core,editor_reviewed,editor_reviewed,71.2,P1,,,,,,,,,
992,ücretsiz şifre oluşturucu,password-generator,Password Generator,calculators_converters,TR,Turkey,tr-TR,2,transactional,tool_variant,editor_reviewed,editor_reviewed,71.2,P1,,,,,,,,,
994,ücretsiz online şifre oluşturucu,password-generator,Password Generator,calculators_converters,TR,Turkey,tr-TR,2,transactional,tool_variant,editor_reviewed,editor_reviewed,71.2,P1,,,,,,,,,
996,şifre oluşturucu aracı,password-generator,Password Generator,calculators_converters,TR,Turkey,tr-TR,2,commercial,comparison,editor_reviewed,editor_reviewed,71.2,P1,,,,,,,,,
997,kolay şifre oluşturucu,password-generator,Password Generator,calculators_converters,TR,Turkey,tr-TR,2,transactional,tool_variant,editor_reviewed,editor_reviewed,71.2,P1,,,,,,,,,
998,hızlı şifre oluşturucu,password-generator,Password Generator,calculators_converters,TR,Turkey,tr-TR,2,transactional,tool_variant,editor_reviewed,editor_reviewed,71.2,P1,,,,,,,,,
999,mobil şifre oluşturucu,password-generator,Password Generator,calculators_converters,TR,Turkey,tr-TR,2,transactional,tool_variant,editor_reviewed,editor_reviewed,71.2,P1,,,,,,,,,
200,PDF sıkıştırma nasıl yapılır,pdf-compressor,PDF Compressor,document_pdf,TR,Turkey,tr-TR,2,informational,guide,editor_reviewed,editor_reviewed,71.2,P1,,,,,,,,,
834,JSON formatieren online,json-formatter,JSON Formatter,developer,DE,Germany,de-DE,2,transactional,tool_variant,editor_reviewed,editor_reviewed,71.0,P1,,,,,,,,,
836,JSON formatieren ohne Anmeldung,json-formatter,JSON Formatter,developer,DE,Germany,de-DE,2,transactional,tool_variant,editor_reviewed,editor_reviewed,71.0,P1,,,,,,,,,
853,formateador JSON online,json-formatter,JSON Formatter,developer,ES,Spain,es-ES,2,transactional,tool_variant,editor_reviewed,editor_reviewed,71.0,P1,,,,,,,,,
855,formateador JSON sin registro,json-formatter,JSON Formatter,developer,ES,Spain,es-ES,2,transactional,tool_variant,editor_reviewed,editor_reviewed,71.0,P1,,,,,,,,,
843,formateur JSON en ligne,json-formatter,JSON Formatter,developer,FR,France,fr-FR,2,transactional,tool_variant,editor_reviewed,editor_reviewed,71.0,P1,,,,,,,,,
845,formateur JSON sans inscription,json-formatter,JSON Formatter,developer,FR,France,fr-FR,2,transactional,tool_variant,editor_reviewed,editor_reviewed,71.0,P1,,,,,,,,,
883,จัดรูปแบบ JSON ออนไลน์,json-formatter,JSON Formatter,developer,TH,Thailand,th-TH,2,transactional,tool_variant,editor_reviewed,editor_reviewed,71.0,P1,,,,,,,,,
885,จัดรูปแบบ JSON ไม่ต้องสมัคร,json-formatter,JSON Formatter,developer,TH,Thailand,th-TH,2,transactional,tool_variant,editor_reviewed,editor_reviewed,71.0,P1,,,,,,,,,
893,online JSON biçimlendirici,json-formatter,JSON Formatter,developer,TR,Turkey,tr-TR,2,transactional,tool_variant,editor_reviewed,editor_reviewed,71.0,P1,,,,,,,,,
895,üyeliksiz JSON biçimlendirici,json-formatter,JSON Formatter,developer,TR,Turkey,tr-TR,2,transactional,tool_variant,editor_reviewed,editor_reviewed,71.0,P1,,,,,,,,,
502,contador de caracteres grátis,character-counter,Character Counter,social_communication,BR,Brazil,pt-BR,1,transactional,tool_variant,editor_reviewed,serp_verified,70.8,P1,,,,,,,,,
810,como usar formatador JSON,json-formatter,JSON Formatter,developer,BR,Brazil,pt-BR,1,informational,guide,editor_reviewed,serp_verified,70.8,P1,,,,,,,,,
866,cara formatter JSON,json-formatter,JSON Formatter,developer,ID,Indonesia,id-ID,1,informational,guide,editor_reviewed,serp_verified,70.8,P1,,,,,,,,,
513,無料 文字数 カウント,character-counter,Character Counter,social_communication,JP,Japan,ja-JP,1,transactional,tool_variant,editor_reviewed,serp_verified,70.8,P1,,,,,,,,,
819,JSON 整形 使い方,json-formatter,JSON Formatter,developer,JP,Japan,ja-JP,1,informational,guide,editor_reviewed,serp_verified,70.8,P1,,,,,,,,,
523,글자 수 세기 무료,character-counter,Character Counter,social_communication,KR,South Korea,ko-KR,1,transactional,tool_variant,editor_reviewed,serp_verified,70.8,P1,,,,,,,,,
829,JSON 포맷터 사용법,json-formatter,JSON Formatter,developer,KR,South Korea,ko-KR,1,informational,guide,editor_reviewed,serp_verified,70.8,P1,,,,,,,,,
880,cách định dạng JSON,json-formatter,JSON Formatter,developer,VN,Vietnam,vi-VN,1,informational,guide,editor_reviewed,serp_verified,70.8,P1,,,,,,,,,
933,kostenlos Passwort Generator,password-generator,Password Generator,calculators_converters,DE,Germany,de-DE,2,transactional,tool_variant,editor_reviewed,editor_reviewed,70.2,P1,,,,,,,,,
534,Zeichen zählen online,character-counter,Character Counter,social_communication,DE,Germany,de-DE,2,transactional,tool_variant,editor_reviewed,editor_reviewed,70.0,P1,,,,,,,,,
536,Zeichen zählen ohne Anmeldung,character-counter,Character Counter,social_communication,DE,Germany,de-DE,2,transactional,tool_variant,editor_reviewed,editor_reviewed,70.0,P1,,,,,,,,,
831,JSON formatieren,json-formatter,JSON Formatter,developer,DE,Germany,de-DE,2,transactional,tool_core,editor_reviewed,editor_reviewed,70.0,P1,,,,,,,,,
832,JSON formatieren kostenlos,json-formatter,JSON Formatter,developer,DE,Germany,de-DE,2,transactional,tool_variant,editor_reviewed,editor_reviewed,70.0,P1,,,,,,,,,
835,JSON formatieren kostenlos online,json-formatter,JSON Formatter,developer,DE,Germany,de-DE,2,transactional,tool_variant,editor_reviewed,editor_reviewed,70.0,P1,,,,,,,,,
837,JSON formatieren im Browser,json-formatter,JSON Formatter,developer,DE,Germany,de-DE,2,transactional,tool_variant,editor_reviewed,editor_reviewed,70.0,P1,,,,,,,,,
838,einfach JSON formatieren,json-formatter,JSON Formatter,developer,DE,Germany,de-DE,2,transactional,tool_variant,editor_reviewed,editor_reviewed,70.0,P1,,,,,,,,,
839,JSON formatieren mobil,json-formatter,JSON Formatter,developer,DE,Germany,de-DE,2,transactional,tool_variant,editor_reviewed,editor_reviewed,70.0,P1,,,,,,,,,
840,JSON formatieren Tool,json-formatter,JSON Formatter,developer,DE,Germany,de-DE,2,commercial,comparison,editor_reviewed,editor_reviewed,70.0,P1,,,,,,,,,
553,contador de caracteres online,character-counter,Character Counter,social_communication,ES,Spain,es-ES,2,transactional,tool_variant,editor_reviewed,editor_reviewed,70.0,P1,,,,,,,,,
555,contador de caracteres sin registro,character-counter,Character Counter,social_communication,ES,Spain,es-ES,2,transactional,tool_variant,editor_reviewed,editor_reviewed,70.0,P1,,,,,,,,,
851,formateador JSON,json-formatter,JSON Formatter,developer,ES,Spain,es-ES,2,transactional,tool_core,editor_reviewed,editor_reviewed,70.0,P1,,,,,,,,,
852,formateador JSON gratis,json-formatter,JSON Formatter,developer,ES,Spain,es-ES,2,transactional,tool_variant,editor_reviewed,editor_reviewed,70.0,P1,,,,,,,,,
854,formateador JSON gratis online,json-formatter,JSON Formatter,developer,ES,Spain,es-ES,2,transactional,tool_variant,editor_reviewed,editor_reviewed,70.0,P1,,,,,,,,,
856,herramienta formateador JSON,json-formatter,JSON Formatter,developer,ES,Spain,es-ES,2,commercial,comparison,editor_reviewed,editor_reviewed,70.0,P1,,,,,,,,,
857,formateador JSON fácil,json-formatter,JSON Formatter,developer,ES,Spain,es-ES,2,transactional,tool_variant,editor_reviewed,editor_reviewed,70.0,P1,,,,,,,,,
858,formateador JSON rápido,json-formatter,JSON Formatter,developer,ES,Spain,es-ES,2,transactional,tool_variant,editor_reviewed,editor_reviewed,70.0,P1,,,,,,,,,
859,formateador JSON móvil,json-formatter,JSON Formatter,developer,ES,Spain,es-ES,2,transactional,tool_variant,editor_reviewed,editor_reviewed,70.0,P1,,,,,,,,,
860,mejor formateador JSON,json-formatter,JSON Formatter,developer,ES,Spain,es-ES,2,commercial,comparison,editor_reviewed,editor_reviewed,70.0,P1,,,,,,,,,
543,compteur de caractères en ligne,character-counter,Character Counter,social_communication,FR,France,fr-FR,2,transactional,tool_variant,editor_reviewed,editor_reviewed,70.0,P1,,,,,,,,,
545,compteur de caractères sans inscription,character-counter,Character Counter,social_communication,FR,France,fr-FR,2,transactional,tool_variant,editor_reviewed,editor_reviewed,70.0,P1,,,,,,,,,
841,formateur JSON,json-formatter,JSON Formatter,developer,FR,France,fr-FR,2,transactional,tool_core,editor_reviewed,editor_reviewed,70.0,P1,,,,,,,,,
842,formateur JSON gratuit,json-formatter,JSON Formatter,developer,FR,France,fr-FR,2,transactional,tool_variant,editor_reviewed,editor_reviewed,70.0,P1,,,,,,,,,
844,formateur JSON gratuit en ligne,json-formatter,JSON Formatter,developer,FR,France,fr-FR,2,transactional,tool_variant,editor_reviewed,editor_reviewed,70.0,P1,,,,,,,,,
846,outil formateur JSON,json-formatter,JSON Formatter,developer,FR,France,fr-FR,2,commercial,comparison,editor_reviewed,editor_reviewed,70.0,P1,,,,,,,,,
847,formateur JSON facile,json-formatter,JSON Formatter,developer,FR,France,fr-FR,2,transactional,tool_variant,editor_reviewed,editor_reviewed,70.0,P1,,,,,,,,,
848,formateur JSON rapide,json-formatter,JSON Formatter,developer,FR,France,fr-FR,2,transactional,tool_variant,editor_reviewed,editor_reviewed,70.0,P1,,,,,,,,,
849,formateur JSON mobile,json-formatter,JSON Formatter,developer,FR,France,fr-FR,2,transactional,tool_variant,editor_reviewed,editor_reviewed,70.0,P1,,,,,,,,,
850,meilleur formateur JSON,json-formatter,JSON Formatter,developer,FR,France,fr-FR,2,commercial,comparison,editor_reviewed,editor_reviewed,70.0,P1,,,,,,,,,
583,นับตัวอักษร ออนไลน์,character-counter,Character Counter,social_communication,TH,Thailand,th-TH,2,transactional,tool_variant,editor_reviewed,editor_reviewed,70.0,P1,,,,,,,,,
585,นับตัวอักษร ไม่ต้องสมัคร,character-counter,Character Counter,social_communication,TH,Thailand,th-TH,2,transactional,tool_variant,editor_reviewed,editor_reviewed,70.0,P1,,,,,,,,,
881,จัดรูปแบบ JSON,json-formatter,JSON Formatter,developer,TH,Thailand,th-TH,2,transactional,tool_core,editor_reviewed,editor_reviewed,70.0,P1,,,,,,,,,
882,จัดรูปแบบ JSON ฟรี,json-formatter,JSON Formatter,developer,TH,Thailand,th-TH,2,transactional,tool_variant,editor_reviewed,editor_reviewed,70.0,P1,,,,,,,,,
884,จัดรูปแบบ JSON ฟรี ออนไลน์,json-formatter,JSON Formatter,developer,TH,Thailand,th-TH,2,transactional,tool_variant,editor_reviewed,editor_reviewed,70.0,P1,,,,,,,,,
886,เครื่องมือ จัดรูปแบบ JSON,json-formatter,JSON Formatter,developer,TH,Thailand,th-TH,2,commercial,comparison,editor_reviewed,editor_reviewed,70.0,P1,,,,,,,,,
887,จัดรูปแบบ JSON ง่ายๆ,json-formatter,JSON Formatter,developer,TH,Thailand,th-TH,2,transactional,tool_variant,editor_reviewed,editor_reviewed,70.0,P1,,,,,,,,,
888,จัดรูปแบบ JSON รวดเร็ว,json-formatter,JSON Formatter,developer,TH,Thailand,th-TH,2,transactional,tool_variant,editor_reviewed,editor_reviewed,70.0,P1,,,,,,,,,
889,จัดรูปแบบ JSON บนมือถือ,json-formatter,JSON Formatter,developer,TH,Thailand,th-TH,2,transactional,tool_variant,editor_reviewed,editor_reviewed,70.0,P1,,,,,,,,,
593,online karakter sayacı,character-counter,Character Counter,social_communication,TR,Turkey,tr-TR,2,transactional,tool_variant,editor_reviewed,editor_reviewed,70.0,P1,,,,,,,,,
595,üyeliksiz karakter sayacı,character-counter,Character Counter,social_communication,TR,Turkey,tr-TR,2,transactional,tool_variant,editor_reviewed,editor_reviewed,70.0,P1,,,,,,,,,
891,JSON biçimlendirici,json-formatter,JSON Formatter,developer,TR,Turkey,tr-TR,2,transactional,tool_core,editor_reviewed,editor_reviewed,70.0,P1,,,,,,,,,
892,ücretsiz JSON biçimlendirici,json-formatter,JSON Formatter,developer,TR,Turkey,tr-TR,2,transactional,tool_variant,editor_reviewed,editor_reviewed,70.0,P1,,,,,,,,,
894,ücretsiz online JSON biçimlendirici,json-formatter,JSON Formatter,developer,TR,Turkey,tr-TR,2,transactional,tool_variant,editor_reviewed,editor_reviewed,70.0,P1,,,,,,,,,
896,JSON biçimlendirici aracı,json-formatter,JSON Formatter,developer,TR,Turkey,tr-TR,2,commercial,comparison,editor_reviewed,editor_reviewed,70.0,P1,,,,,,,,,
897,kolay JSON biçimlendirici,json-formatter,JSON Formatter,developer,TR,Turkey,tr-TR,2,transactional,tool_variant,editor_reviewed,editor_reviewed,70.0,P1,,,,,,,,,
898,hızlı JSON biçimlendirici,json-formatter,JSON Formatter,developer,TR,Turkey,tr-TR,2,transactional,tool_variant,editor_reviewed,editor_reviewed,70.0,P1,,,,,,,,,
899,mobil JSON biçimlendirici,json-formatter,JSON Formatter,developer,TR,Turkey,tr-TR,2,transactional,tool_variant,editor_reviewed,editor_reviewed,70.0,P1,,,,,,,,,
510,como usar contador de caracteres,character-counter,Character Counter,social_communication,BR,Brazil,pt-BR,1,informational,guide,editor_reviewed,serp_verified,69.8,P1,,,,,,,,,
566,cara penghitung karakter,character-counter,Character Counter,social_communication,ID,Indonesia,id-ID,1,informational,guide,editor_reviewed,serp_verified,69.8,P1,,,,,,,,,
519,文字数 カウント 使い方,character-counter,Character Counter,social_communication,JP,Japan,ja-JP,1,informational,guide,editor_reviewed,serp_verified,69.8,P1,,,,,,,,,
529,글자 수 세기 사용법,character-counter,Character Counter,social_communication,KR,South Korea,ko-KR,1,informational,guide,editor_reviewed,serp_verified,69.8,P1,,,,,,,,,
580,cách đếm ký tự,character-counter,Character Counter,social_communication,VN,Vietnam,vi-VN,1,informational,guide,editor_reviewed,serp_verified,69.8,P1,,,,,,,,,
990,วิธี สร้างรหัสผ่าน,password-generator,Password Generator,calculators_converters,TH,Thailand,th-TH,2,informational,guide,editor_reviewed,editor_reviewed,69.2,P1,,,,,,,,,
1000,şifre oluşturucu nasıl yapılır,password-generator,Password Generator,calculators_converters,TR,Turkey,tr-TR,2,informational,guide,editor_reviewed,editor_reviewed,69.2,P1,,,,,,,,,
531,Zeichen zählen,character-counter,Character Counter,social_communication,DE,Germany,de-DE,2,transactional,tool_core,editor_reviewed,editor_reviewed,69.0,P1,,,,,,,,,
532,Zeichen zählen kostenlos,character-counter,Character Counter,social_communication,DE,Germany,de-DE,2,transactional,tool_variant,editor_reviewed,editor_reviewed,69.0,P1,,,,,,,,,
535,Zeichen zählen kostenlos online,character-counter,Character Counter,social_communication,DE,Germany,de-DE,2,transactional,tool_variant,editor_reviewed,editor_reviewed,69.0,P1,,,,,,,,,
537,Zeichen zählen im Browser,character-counter,Character Counter,social_communication,DE,Germany,de-DE,2,transactional,tool_variant,editor_reviewed,editor_reviewed,69.0,P1,,,,,,,,,
538,einfach Zeichen zählen,character-counter,Character Counter,social_communication,DE,Germany,de-DE,2,transactional,tool_variant,editor_reviewed,editor_reviewed,69.0,P1,,,,,,,,,
539,Zeichen zählen mobil,character-counter,Character Counter,social_communication,DE,Germany,de-DE,2,transactional,tool_variant,editor_reviewed,editor_reviewed,69.0,P1,,,,,,,,,
540,Zeichen zählen Tool,character-counter,Character Counter,social_communication,DE,Germany,de-DE,2,commercial,comparison,editor_reviewed,editor_reviewed,69.0,P1,,,,,,,,,
833,kostenlos JSON formatieren,json-formatter,JSON Formatter,developer,DE,Germany,de-DE,2,transactional,tool_variant,editor_reviewed,editor_reviewed,69.0,P1,,,,,,,,,
551,contador de caracteres,character-counter,Character Counter,social_communication,ES,Spain,es-ES,2,transactional,tool_core,editor_reviewed,editor_reviewed,69.0,P1,,,,,,,,,
552,contador de caracteres gratis,character-counter,Character Counter,social_communication,ES,Spain,es-ES,2,transactional,tool_variant,editor_reviewed,editor_reviewed,69.0,P1,,,,,,,,,
554,contador de caracteres gratis online,character-counter,Character Counter,social_communication,ES,Spain,es-ES,2,transactional,tool_variant,editor_reviewed,editor_reviewed,69.0,P1,,,,,,,,,
556,herramienta contador de caracteres,character-counter,Character Counter,social_communication,ES,Spain,es-ES,2,commercial,comparison,editor_reviewed,editor_reviewed,69.0,P1,,,,,,,,,
557,contador de caracteres fácil,character-counter,Character Counter,social_communication,ES,Spain,es-ES,2,transactional,tool_variant,editor_reviewed,editor_reviewed,69.0,P1,,,,,,,,,
558,contador de caracteres rápido,character-counter,Character Counter,social_communication,ES,Spain,es-ES,2,transactional,tool_variant,editor_reviewed,editor_reviewed,69.0,P1,,,,,,,,,
559,contador de caracteres móvil,character-counter,Character Counter,social_communication,ES,Spain,es-ES,2,transactional,tool_variant,editor_reviewed,editor_reviewed,69.0,P1,,,,,,,,,
560,mejor contador de caracteres,character-counter,Character Counter,social_communication,ES,Spain,es-ES,2,commercial,comparison,editor_reviewed,editor_reviewed,69.0,P1,,,,,,,,,
541,compteur de caractères,character-counter,Character Counter,social_communication,FR,France,fr-FR,2,transactional,tool_core,editor_reviewed,editor_reviewed,69.0,P1,,,,,,,,,
542,compteur de caractères gratuit,character-counter,Character Counter,social_communication,FR,France,fr-FR,2,transactional,tool_variant,editor_reviewed,editor_reviewed,69.0,P1,,,,,,,,,
544,compteur de caractères gratuit en ligne,character-counter,Character Counter,social_communication,FR,France,fr-FR,2,transactional,tool_variant,editor_reviewed,editor_reviewed,69.0,P1,,,,,,,,,
546,outil compteur de caractères,character-counter,Character Counter,social_communication,FR,France,fr-FR,2,commercial,comparison,editor_reviewed,editor_reviewed,69.0,P1,,,,,,,,,
547,compteur de caractères facile,character-counter,Character Counter,social_communication,FR,France,fr-FR,2,transactional,tool_variant,editor_reviewed,editor_reviewed,69.0,P1,,,,,,,,,
548,compteur de caractères rapide,character-counter,Character Counter,social_communication,FR,France,fr-FR,2,transactional,tool_variant,editor_reviewed,editor_reviewed,69.0,P1,,,,,,,,,
549,compteur de caractères mobile,character-counter,Character Counter,social_communication,FR,France,fr-FR,2,transactional,tool_variant,editor_reviewed,editor_reviewed,69.0,P1,,,,,,,,,
550,meilleur compteur de caractères,character-counter,Character Counter,social_communication,FR,France,fr-FR,2,commercial,comparison,editor_reviewed,editor_reviewed,69.0,P1,,,,,,,,,
581,นับตัวอักษร,character-counter,Character Counter,social_communication,TH,Thailand,th-TH,2,transactional,tool_core,editor_reviewed,editor_reviewed,69.0,P1,,,,,,,,,
582,นับตัวอักษร ฟรี,character-counter,Character Counter,social_communication,TH,Thailand,th-TH,2,transactional,tool_variant,editor_reviewed,editor_reviewed,69.0,P1,,,,,,,,,
584,นับตัวอักษร ฟรี ออนไลน์,character-counter,Character Counter,social_communication,TH,Thailand,th-TH,2,transactional,tool_variant,editor_reviewed,editor_reviewed,69.0,P1,,,,,,,,,
586,เครื่องมือ นับตัวอักษร,character-counter,Character Counter,social_communication,TH,Thailand,th-TH,2,commercial,comparison,editor_reviewed,editor_reviewed,69.0,P1,,,,,,,,,
587,นับตัวอักษร ง่ายๆ,character-counter,Character Counter,social_communication,TH,Thailand,th-TH,2,transactional,tool_variant,editor_reviewed,editor_reviewed,69.0,P1,,,,,,,,,
588,นับตัวอักษร รวดเร็ว,character-counter,Character Counter,social_communication,TH,Thailand,th-TH,2,transactional,tool_variant,editor_reviewed,editor_reviewed,69.0,P1,,,,,,,,,
589,นับตัวอักษร บนมือถือ,character-counter,Character Counter,social_communication,TH,Thailand,th-TH,2,transactional,tool_variant,editor_reviewed,editor_reviewed,69.0,P1,,,,,,,,,
591,karakter sayacı,character-counter,Character Counter,social_communication,TR,Turkey,tr-TR,2,transactional,tool_core,editor_reviewed,editor_reviewed,69.0,P1,,,,,,,,,
592,ücretsiz karakter sayacı,character-counter,Character Counter,social_communication,TR,Turkey,tr-TR,2,transactional,tool_variant,editor_reviewed,editor_reviewed,69.0,P1,,,,,,,,,
594,ücretsiz online karakter sayacı,character-counter,Character Counter,social_communication,TR,Turkey,tr-TR,2,transactional,tool_variant,editor_reviewed,editor_reviewed,69.0,P1,,,,,,,,,
596,karakter sayacı aracı,character-counter,Character Counter,social_communication,TR,Turkey,tr-TR,2,commercial,comparison,editor_reviewed,editor_reviewed,69.0,P1,,,,,,,,,
597,kolay karakter sayacı,character-counter,Character Counter,social_communication,TR,Turkey,tr-TR,2,transactional,tool_variant,editor_reviewed,editor_reviewed,69.0,P1,,,,,,,,,
598,hızlı karakter sayacı,character-counter,Character Counter,social_communication,TR,Turkey,tr-TR,2,transactional,tool_variant,editor_reviewed,editor_reviewed,69.0,P1,,,,,,,,,
599,mobil karakter sayacı,character-counter,Character Counter,social_communication,TR,Turkey,tr-TR,2,transactional,tool_variant,editor_reviewed,editor_reviewed,69.0,P1,,,,,,,,,
533,kostenlos Zeichen zählen,character-counter,Character Counter,social_communication,DE,Germany,de-DE,2,transactional,tool_variant,editor_reviewed,editor_reviewed,68.0,P1,,,,,,,,,
890,วิธี จัดรูปแบบ JSON,json-formatter,JSON Formatter,developer,TH,Thailand,th-TH,2,informational,guide,editor_reviewed,editor_reviewed,68.0,P1,,,,,,,,,
900,JSON biçimlendirici nasıl yapılır,json-formatter,JSON Formatter,developer,TR,Turkey,tr-TR,2,informational,guide,editor_reviewed,editor_reviewed,68.0,P1,,,,,,,,,
590,วิธี นับตัวอักษร,character-counter,Character Counter,social_communication,TH,Thailand,th-TH,2,informational,guide,editor_reviewed,editor_reviewed,67.0,P1,,,,,,,,,
600,karakter sayacı nasıl yapılır,character-counter,Character Counter,social_communication,TR,Turkey,tr-TR,2,informational,guide,editor_reviewed,editor_reviewed,67.0,P1,,,,,,,,,
