tool_slug,market_code,base_query,display_name,localization_status,source_id,reviewed_at,notes
ad-copy-generator,BR,,,pending,,,Awaiting localized head term
ad-copy-generator,DE,,,pending,,,Awaiting localized head term
ad-copy-generator,ES,,,pending,,,Awaiting localized head term
ad-copy-generator,FR,,,pending,,,Awaiting localized head term
ad-copy-generator,ID,,,pending,,,Awaiting localized head term
ad-copy-generator,JP,,,pending,,,Awaiting localized head term
ad-copy-generator,KR,,,pending,,,Awaiting localized head term
ad-copy-generator,TH,,,pending,,,Awaiting localized head term
ad-copy-generator,TR,,,pending,,,Awaiting localized head term
ad-copy-generator,VN,,,pending,,,Awaiting localized head term
age-calculator,BR,,,pending,,,Awaiting localized head term
age-calculator,DE,,,pending,,,Awaiting localized head term
age-calculator,ES,,,pending,,,Awaiting localized head term
age-calculator,FR,,,pending,,,Awaiting localized head term
age-calculator,ID,,,pending,,,Awaiting localized head term
age-calculator,JP,,,pending,,,Awaiting localized head term
age-calculator,KR,,,pending,,,Awaiting localized head term
age-calculator,TH,,,pending,,,Awaiting localized head term
age-calculator,TR,,,pending,,,Awaiting localized head term
age-calculator,VN,,,pending,,,Awaiting localized head term
ai-humanizer,BR,,,pending,,,Awaiting localized head term
ai-humanizer,DE,,,pending,,,Awaiting localized head term
ai-humanizer,ES,,,pending,,,Awaiting localized head term
ai-humanizer,FR,,,pending,,,Awaiting localized head term
ai-humanizer,ID,,,pending,,,Awaiting localized head term
ai-humanizer,JP,,,pending,,,Awaiting localized head term
ai-humanizer,KR,,,pending,,,Awaiting localized head term
ai-humanizer,TH,,,pending,,,Awaiting localized head term
ai-humanizer,TR,,,pending,,,Awaiting localized head term
ai-humanizer,VN,,,pending,,,Awaiting localized head term
app-icon-generator,BR,,,pending,,,Awaiting localized head term
app-icon-generator,DE,,,pending,,,Awaiting localized head term
app-icon-generator,ES,,,pending,,,Awaiting localized head term
app-icon-generator,FR,,,pending,,,Awaiting localized head term
app-icon-generator,ID,,,pending,,,Awaiting localized head term
app-icon-generator,JP,,,pending,,,Awaiting localized head term
app-icon-generator,KR,,,pending,,,Awaiting localized head term
app-icon-generator,TH,,,pending,,,Awaiting localized head term
app-icon-generator,TR,,,pending,,,Awaiting localized head term
app-icon-generator,VN,,,pending,,,Awaiting localized head term
area-converter,BR,,,pending,,,Awaiting localized head term
area-converter,DE,,,pending,,,Awaiting localized head term
area-converter,ES,,,pending,,,Awaiting localized head term
area-converter,FR,,,pending,,,Awaiting localized head term
area-converter,ID,,,pending,,,Awaiting localized head term
area-converter,JP,,,pending,,,Awaiting localized head term
area-converter,KR,,,pending,,,Awaiting localized head term
area-converter,TH,,,pending,,,Awaiting localized head term
area-converter,TR,,,pending,,,Awaiting localized head term
area-converter,VN,,,pending,,,Awaiting localized head term
article-rewriter,BR,,,pending,,,Awaiting localized head term
article-rewriter,DE,,,pending,,,Awaiting localized head term
article-rewriter,ES,,,pending,,,Awaiting localized head term
article-rewriter,FR,,,pending,,,Awaiting localized head term
article-rewriter,ID,,,pending,,,Awaiting localized head term
article-rewriter,JP,,,pending,,,Awaiting localized head term
article-rewriter,KR,,,pending,,,Awaiting localized head term
article-rewriter,TH,,,pending,,,Awaiting localized head term
article-rewriter,TR,,,pending,,,Awaiting localized head term
article-rewriter,VN,,,pending,,,Awaiting localized head term
attendance-calculator,BR,,,pending,,,Awaiting localized head term
attendance-calculator,DE,,,pending,,,Awaiting localized head term
attendance-calculator,ES,,,pending,,,Awaiting localized head term
attendance-calculator,FR,,,pending,,,Awaiting localized head term
attendance-calculator,ID,,,pending,,,Awaiting localized head term
attendance-calculator,JP,,,pending,,,Awaiting localized head term
attendance-calculator,KR,,,pending,,,Awaiting localized head term
attendance-calculator,TH,,,pending,,,Awaiting localized head term
attendance-calculator,TR,,,pending,,,Awaiting localized head term
attendance-calculator,VN,,,pending,,,Awaiting localized head term
audio-compressor,BR,,,pending,,,Awaiting localized head term
audio-compressor,DE,,,pending,,,Awaiting localized head term
audio-compressor,ES,,,pending,,,Awaiting localized head term
audio-compressor,FR,,,pending,,,Awaiting localized head term
audio-compressor,ID,,,pending,,,Awaiting localized head term
audio-compressor,JP,,,pending,,,Awaiting localized head term
audio-compressor,KR,,,pending,,,Awaiting localized head term
audio-compressor,TH,,,pending,,,Awaiting localized head term
audio-compressor,TR,,,pending,,,Awaiting localized head term
audio-compressor,VN,,,pending,,,Awaiting localized head term
audio-merger,BR,,,pending,,,Awaiting localized head term
audio-merger,DE,,,pending,,,Awaiting localized head term
audio-merger,ES,,,pending,,,Awaiting localized head term
audio-merger,FR,,,pending,,,Awaiting localized head term
audio-merger,ID,,,pending,,,Awaiting localized head term
audio-merger,JP,,,pending,,,Awaiting localized head term
audio-merger,KR,,,pending,,,Awaiting localized head term
audio-merger,TH,,,pending,,,Awaiting localized head term
audio-merger,TR,,,pending,,,Awaiting localized head term
audio-merger,VN,,,pending,,,Awaiting localized head term
audio-trimmer,BR,,,pending,,,Awaiting localized head term
audio-trimmer,DE,,,pending,,,Awaiting localized head term
audio-trimmer,ES,,,pending,,,Awaiting localized head term
audio-trimmer,FR,,,pending,,,Awaiting localized head term
audio-trimmer,ID,,,pending,,,Awaiting localized head term
audio-trimmer,JP,,,pending,,,Awaiting localized head term
audio-trimmer,KR,,,pending,,,Awaiting localized head term
audio-trimmer,TH,,,pending,,,Awaiting localized head term
audio-trimmer,TR,,,pending,,,Awaiting localized head term
audio-trimmer,VN,,,pending,,,Awaiting localized head term
average-calculator,BR,,,pending,,,Awaiting localized head term
average-calculator,DE,,,pending,,,Awaiting localized head term
average-calculator,ES,,,pending,,,Awaiting localized head term
average-calculator,FR,,,pending,,,Awaiting localized head term
average-calculator,ID,,,pending,,,Awaiting localized head term
average-calculator,JP,,,pending,,,Awaiting localized head term
average-calculator,KR,,,pending,,,Awaiting localized head term
average-calculator,TH,,,pending,,,Awaiting localized head term
average-calculator,TR,,,pending,,,Awaiting localized head term
average-calculator,VN,,,pending,,,Awaiting localized head term
background-remover,BR,,,pending,,,Awaiting localized head term
background-remover,DE,,,pending,,,Awaiting localized head term
background-remover,ES,,,pending,,,Awaiting localized head term
background-remover,FR,,,pending,,,Awaiting localized head term
background-remover,ID,,,pending,,,Awaiting localized head term
background-remover,JP,,,pending,,,Awaiting localized head term
background-remover,KR,,,pending,,,Awaiting localized head term
background-remover,TH,,,pending,,,Awaiting localized head term
background-remover,TR,,,pending,,,Awaiting localized head term
background-remover,VN,,,pending,,,Awaiting localized head term
base64-encoder-decoder,BR,,,pending,,,Awaiting localized head term
base64-encoder-decoder,DE,,,pending,,,Awaiting localized head term
base64-encoder-decoder,ES,,,pending,,,Awaiting localized head term
base64-encoder-decoder,FR,,,pending,,,Awaiting localized head term
base64-encoder-decoder,ID,,,pending,,,Awaiting localized head term
base64-encoder-decoder,JP,,,pending,,,Awaiting localized head term
base64-encoder-decoder,KR,,,pending,,,Awaiting localized head term
base64-encoder-decoder,TH,,,pending,,,Awaiting localized head term
base64-encoder-decoder,TR,,,pending,,,Awaiting localized head term
base64-encoder-decoder,VN,,,pending,,,Awaiting localized head term
blog-outline-generator,BR,,,pending,,,Awaiting localized head term
blog-outline-generator,DE,,,pending,,,Awaiting localized head term
blog-outline-generator,ES,,,pending,,,Awaiting localized head term
blog-outline-generator,FR,,,pending,,,Awaiting localized head term
blog-outline-generator,ID,,,pending,,,Awaiting localized head term
blog-outline-generator,JP,,,pending,,,Awaiting localized head term
blog-outline-generator,KR,,,pending,,,Awaiting localized head term
blog-outline-generator,TH,,,pending,,,Awaiting localized head term
blog-outline-generator,TR,,,pending,,,Awaiting localized head term
blog-outline-generator,VN,,,pending,,,Awaiting localized head term
blog-title-generator,BR,,,pending,,,Awaiting localized head term
blog-title-generator,DE,,,pending,,,Awaiting localized head term
blog-title-generator,ES,,,pending,,,Awaiting localized head term
blog-title-generator,FR,,,pending,,,Awaiting localized head term
blog-title-generator,ID,,,pending,,,Awaiting localized head term
blog-title-generator,JP,,,pending,,,Awaiting localized head term
blog-title-generator,KR,,,pending,,,Awaiting localized head term
blog-title-generator,TH,,,pending,,,Awaiting localized head term
blog-title-generator,TR,,,pending,,,Awaiting localized head term
blog-title-generator,VN,,,pending,,,Awaiting localized head term
bmi-calculator,BR,,,pending,,,Awaiting localized head term
bmi-calculator,DE,,,pending,,,Awaiting localized head term
bmi-calculator,ES,,,pending,,,Awaiting localized head term
bmi-calculator,FR,,,pending,,,Awaiting localized head term
bmi-calculator,ID,,,pending,,,Awaiting localized head term
bmi-calculator,JP,,,pending,,,Awaiting localized head term
bmi-calculator,KR,,,pending,,,Awaiting localized head term
bmi-calculator,TH,,,pending,,,Awaiting localized head term
bmi-calculator,TR,,,pending,,,Awaiting localized head term
bmi-calculator,VN,,,pending,,,Awaiting localized head term
bpm-tap-counter,BR,,,pending,,,Awaiting localized head term
bpm-tap-counter,DE,,,pending,,,Awaiting localized head term
bpm-tap-counter,ES,,,pending,,,Awaiting localized head term
bpm-tap-counter,FR,,,pending,,,Awaiting localized head term
bpm-tap-counter,ID,,,pending,,,Awaiting localized head term
bpm-tap-counter,JP,,,pending,,,Awaiting localized head term
bpm-tap-counter,KR,,,pending,,,Awaiting localized head term
bpm-tap-counter,TH,,,pending,,,Awaiting localized head term
bpm-tap-counter,TR,,,pending,,,Awaiting localized head term
bpm-tap-counter,VN,,,pending,,,Awaiting localized head term
break-even-calculator,BR,,,pending,,,Awaiting localized head term
break-even-calculator,DE,,,pending,,,Awaiting localized head term
break-even-calculator,ES,,,pending,,,Awaiting localized head term
break-even-calculator,FR,,,pending,,,Awaiting localized head term
break-even-calculator,ID,,,pending,,,Awaiting localized head term
break-even-calculator,JP,,,pending,,,Awaiting localized head term
break-even-calculator,KR,,,pending,,,Awaiting localized head term
break-even-calculator,TH,,,pending,,,Awaiting localized head term
break-even-calculator,TR,,,pending,,,Awaiting localized head term
break-even-calculator,VN,,,pending,,,Awaiting localized head term
broken-link-checker,BR,,,pending,,,Awaiting localized head term
broken-link-checker,DE,,,pending,,,Awaiting localized head term
broken-link-checker,ES,,,pending,,,Awaiting localized head term
broken-link-checker,FR,,,pending,,,Awaiting localized head term
broken-link-checker,ID,,,pending,,,Awaiting localized head term
broken-link-checker,JP,,,pending,,,Awaiting localized head term
broken-link-checker,KR,,,pending,,,Awaiting localized head term
broken-link-checker,TH,,,pending,,,Awaiting localized head term
broken-link-checker,TR,,,pending,,,Awaiting localized head term
broken-link-checker,VN,,,pending,,,Awaiting localized head term
business-card-maker,BR,,,pending,,,Awaiting localized head term
business-card-maker,DE,,,pending,,,Awaiting localized head term
business-card-maker,ES,,,pending,,,Awaiting localized head term
business-card-maker,FR,,,pending,,,Awaiting localized head term
business-card-maker,ID,,,pending,,,Awaiting localized head term
business-card-maker,JP,,,pending,,,Awaiting localized head term
business-card-maker,KR,,,pending,,,Awaiting localized head term
business-card-maker,TH,,,pending,,,Awaiting localized head term
business-card-maker,TR,,,pending,,,Awaiting localized head term
business-card-maker,VN,,,pending,,,Awaiting localized head term
calorie-calculator,BR,,,pending,,,Awaiting localized head term
calorie-calculator,DE,,,pending,,,Awaiting localized head term
calorie-calculator,ES,,,pending,,,Awaiting localized head term
calorie-calculator,FR,,,pending,,,Awaiting localized head term
calorie-calculator,ID,,,pending,,,Awaiting localized head term
calorie-calculator,JP,,,pending,,,Awaiting localized head term
calorie-calculator,KR,,,pending,,,Awaiting localized head term
calorie-calculator,TH,,,pending,,,Awaiting localized head term
calorie-calculator,TR,,,pending,,,Awaiting localized head term
calorie-calculator,VN,,,pending,,,Awaiting localized head term
character-counter,BR,contador de caracteres,contador de caracteres,serp_verified,public_serp_audit_20260717,2026-07-17T12:37:42Z,Core query reviewed in public SERP sample; native review still pending
character-counter,DE,Zeichen zählen,Zeichen zählen,editor_reviewed,editorial_seed_20260717,,Requires native and SERP validation
character-counter,ES,contador de caracteres,contador de caracteres,editor_reviewed,editorial_seed_20260717,,Requires native and SERP validation
character-counter,FR,compteur de caractères,compteur de caractères,editor_reviewed,editorial_seed_20260717,,Requires native and SERP validation
character-counter,ID,penghitung karakter,penghitung karakter,serp_verified,public_serp_audit_20260717,2026-07-17T12:37:42Z,Core query reviewed in public SERP sample; native review still pending
character-counter,JP,文字数 カウント,文字数 カウント,serp_verified,public_serp_audit_20260717,2026-07-17T12:37:42Z,Core query reviewed in public SERP sample; native review still pending
character-counter,KR,글자 수 세기,글자 수 세기,serp_verified,public_serp_audit_20260717,2026-07-17T12:37:42Z,Core query reviewed in public SERP sample; native review still pending
character-counter,TH,นับตัวอักษร,นับตัวอักษร,editor_reviewed,editorial_seed_20260717,,Requires native and SERP validation
character-counter,TR,karakter sayacı,karakter sayacı,editor_reviewed,editorial_seed_20260717,,Requires native and SERP validation
character-counter,VN,đếm ký tự,đếm ký tự,serp_verified,public_serp_audit_20260717,2026-07-17T12:37:42Z,Core query reviewed in public SERP sample; native review still pending
citation-generator,BR,,,pending,,,Awaiting localized head term
citation-generator,DE,,,pending,,,Awaiting localized head term
citation-generator,ES,,,pending,,,Awaiting localized head term
citation-generator,FR,,,pending,,,Awaiting localized head term
citation-generator,ID,,,pending,,,Awaiting localized head term
citation-generator,JP,,,pending,,,Awaiting localized head term
citation-generator,KR,,,pending,,,Awaiting localized head term
citation-generator,TH,,,pending,,,Awaiting localized head term
citation-generator,TR,,,pending,,,Awaiting localized head term
citation-generator,VN,,,pending,,,Awaiting localized head term
code-diff-checker,BR,,,pending,,,Awaiting localized head term
code-diff-checker,DE,,,pending,,,Awaiting localized head term
code-diff-checker,ES,,,pending,,,Awaiting localized head term
code-diff-checker,FR,,,pending,,,Awaiting localized head term
code-diff-checker,ID,,,pending,,,Awaiting localized head term
code-diff-checker,JP,,,pending,,,Awaiting localized head term
code-diff-checker,KR,,,pending,,,Awaiting localized head term
code-diff-checker,TH,,,pending,,,Awaiting localized head term
code-diff-checker,TR,,,pending,,,Awaiting localized head term
code-diff-checker,VN,,,pending,,,Awaiting localized head term
cold-email-generator,BR,,,pending,,,Awaiting localized head term
cold-email-generator,DE,,,pending,,,Awaiting localized head term
cold-email-generator,ES,,,pending,,,Awaiting localized head term
cold-email-generator,FR,,,pending,,,Awaiting localized head term
cold-email-generator,ID,,,pending,,,Awaiting localized head term
cold-email-generator,JP,,,pending,,,Awaiting localized head term
cold-email-generator,KR,,,pending,,,Awaiting localized head term
cold-email-generator,TH,,,pending,,,Awaiting localized head term
cold-email-generator,TR,,,pending,,,Awaiting localized head term
cold-email-generator,VN,,,pending,,,Awaiting localized head term
color-palette-generator,BR,,,pending,,,Awaiting localized head term
color-palette-generator,DE,,,pending,,,Awaiting localized head term
color-palette-generator,ES,,,pending,,,Awaiting localized head term
color-palette-generator,FR,,,pending,,,Awaiting localized head term
color-palette-generator,ID,,,pending,,,Awaiting localized head term
color-palette-generator,JP,,,pending,,,Awaiting localized head term
color-palette-generator,KR,,,pending,,,Awaiting localized head term
color-palette-generator,TH,,,pending,,,Awaiting localized head term
color-palette-generator,TR,,,pending,,,Awaiting localized head term
color-palette-generator,VN,,,pending,,,Awaiting localized head term
compound-interest-calculator,BR,,,pending,,,Awaiting localized head term
compound-interest-calculator,DE,,,pending,,,Awaiting localized head term
compound-interest-calculator,ES,,,pending,,,Awaiting localized head term
compound-interest-calculator,FR,,,pending,,,Awaiting localized head term
compound-interest-calculator,ID,,,pending,,,Awaiting localized head term
compound-interest-calculator,JP,,,pending,,,Awaiting localized head term
compound-interest-calculator,KR,,,pending,,,Awaiting localized head term
compound-interest-calculator,TH,,,pending,,,Awaiting localized head term
compound-interest-calculator,TR,,,pending,,,Awaiting localized head term
compound-interest-calculator,VN,,,pending,,,Awaiting localized head term
contact-card-generator,BR,,,pending,,,Awaiting localized head term
contact-card-generator,DE,,,pending,,,Awaiting localized head term
contact-card-generator,ES,,,pending,,,Awaiting localized head term
contact-card-generator,FR,,,pending,,,Awaiting localized head term
contact-card-generator,ID,,,pending,,,Awaiting localized head term
contact-card-generator,JP,,,pending,,,Awaiting localized head term
contact-card-generator,KR,,,pending,,,Awaiting localized head term
contact-card-generator,TH,,,pending,,,Awaiting localized head term
contact-card-generator,TR,,,pending,,,Awaiting localized head term
contact-card-generator,VN,,,pending,,,Awaiting localized head term
cover-letter-generator,BR,,,pending,,,Awaiting localized head term
cover-letter-generator,DE,,,pending,,,Awaiting localized head term
cover-letter-generator,ES,,,pending,,,Awaiting localized head term
cover-letter-generator,FR,,,pending,,,Awaiting localized head term
cover-letter-generator,ID,,,pending,,,Awaiting localized head term
cover-letter-generator,JP,,,pending,,,Awaiting localized head term
cover-letter-generator,KR,,,pending,,,Awaiting localized head term
cover-letter-generator,TH,,,pending,,,Awaiting localized head term
cover-letter-generator,TR,,,pending,,,Awaiting localized head term
cover-letter-generator,VN,,,pending,,,Awaiting localized head term
cron-expression-parser,BR,,,pending,,,Awaiting localized head term
cron-expression-parser,DE,,,pending,,,Awaiting localized head term
cron-expression-parser,ES,,,pending,,,Awaiting localized head term
cron-expression-parser,FR,,,pending,,,Awaiting localized head term
cron-expression-parser,ID,,,pending,,,Awaiting localized head term
cron-expression-parser,JP,,,pending,,,Awaiting localized head term
cron-expression-parser,KR,,,pending,,,Awaiting localized head term
cron-expression-parser,TH,,,pending,,,Awaiting localized head term
cron-expression-parser,TR,,,pending,,,Awaiting localized head term
cron-expression-parser,VN,,,pending,,,Awaiting localized head term
cron-generator,BR,,,pending,,,Awaiting localized head term
cron-generator,DE,,,pending,,,Awaiting localized head term
cron-generator,ES,,,pending,,,Awaiting localized head term
cron-generator,FR,,,pending,,,Awaiting localized head term
cron-generator,ID,,,pending,,,Awaiting localized head term
cron-generator,JP,,,pending,,,Awaiting localized head term
cron-generator,KR,,,pending,,,Awaiting localized head term
cron-generator,TH,,,pending,,,Awaiting localized head term
cron-generator,TR,,,pending,,,Awaiting localized head term
cron-generator,VN,,,pending,,,Awaiting localized head term
css-minifier,BR,,,pending,,,Awaiting localized head term
css-minifier,DE,,,pending,,,Awaiting localized head term
css-minifier,ES,,,pending,,,Awaiting localized head term
css-minifier,FR,,,pending,,,Awaiting localized head term
css-minifier,ID,,,pending,,,Awaiting localized head term
css-minifier,JP,,,pending,,,Awaiting localized head term
css-minifier,KR,,,pending,,,Awaiting localized head term
css-minifier,TH,,,pending,,,Awaiting localized head term
css-minifier,TR,,,pending,,,Awaiting localized head term
css-minifier,VN,,,pending,,,Awaiting localized head term
currency-converter,BR,,,pending,,,Awaiting localized head term
currency-converter,DE,,,pending,,,Awaiting localized head term
currency-converter,ES,,,pending,,,Awaiting localized head term
currency-converter,FR,,,pending,,,Awaiting localized head term
currency-converter,ID,,,pending,,,Awaiting localized head term
currency-converter,JP,,,pending,,,Awaiting localized head term
currency-converter,KR,,,pending,,,Awaiting localized head term
currency-converter,TH,,,pending,,,Awaiting localized head term
currency-converter,TR,,,pending,,,Awaiting localized head term
currency-converter,VN,,,pending,,,Awaiting localized head term
cv-builder,BR,,,pending,,,Awaiting localized head term
cv-builder,DE,,,pending,,,Awaiting localized head term
cv-builder,ES,,,pending,,,Awaiting localized head term
cv-builder,FR,,,pending,,,Awaiting localized head term
cv-builder,ID,,,pending,,,Awaiting localized head term
cv-builder,JP,,,pending,,,Awaiting localized head term
cv-builder,KR,,,pending,,,Awaiting localized head term
cv-builder,TH,,,pending,,,Awaiting localized head term
cv-builder,TR,,,pending,,,Awaiting localized head term
cv-builder,VN,,,pending,,,Awaiting localized head term
data-storage-converter,BR,,,pending,,,Awaiting localized head term
data-storage-converter,DE,,,pending,,,Awaiting localized head term
data-storage-converter,ES,,,pending,,,Awaiting localized head term
data-storage-converter,FR,,,pending,,,Awaiting localized head term
data-storage-converter,ID,,,pending,,,Awaiting localized head term
data-storage-converter,JP,,,pending,,,Awaiting localized head term
data-storage-converter,KR,,,pending,,,Awaiting localized head term
data-storage-converter,TH,,,pending,,,Awaiting localized head term
data-storage-converter,TR,,,pending,,,Awaiting localized head term
data-storage-converter,VN,,,pending,,,Awaiting localized head term
date-difference-calculator,BR,,,pending,,,Awaiting localized head term
date-difference-calculator,DE,,,pending,,,Awaiting localized head term
date-difference-calculator,ES,,,pending,,,Awaiting localized head term
date-difference-calculator,FR,,,pending,,,Awaiting localized head term
date-difference-calculator,ID,,,pending,,,Awaiting localized head term
date-difference-calculator,JP,,,pending,,,Awaiting localized head term
date-difference-calculator,KR,,,pending,,,Awaiting localized head term
date-difference-calculator,TH,,,pending,,,Awaiting localized head term
date-difference-calculator,TR,,,pending,,,Awaiting localized head term
date-difference-calculator,VN,,,pending,,,Awaiting localized head term
dns-lookup-tool,BR,,,pending,,,Awaiting localized head term
dns-lookup-tool,DE,,,pending,,,Awaiting localized head term
dns-lookup-tool,ES,,,pending,,,Awaiting localized head term
dns-lookup-tool,FR,,,pending,,,Awaiting localized head term
dns-lookup-tool,ID,,,pending,,,Awaiting localized head term
dns-lookup-tool,JP,,,pending,,,Awaiting localized head term
dns-lookup-tool,KR,,,pending,,,Awaiting localized head term
dns-lookup-tool,TH,,,pending,,,Awaiting localized head term
dns-lookup-tool,TR,,,pending,,,Awaiting localized head term
dns-lookup-tool,VN,,,pending,,,Awaiting localized head term
document-scanner,BR,,,pending,,,Awaiting localized head term
document-scanner,DE,,,pending,,,Awaiting localized head term
document-scanner,ES,,,pending,,,Awaiting localized head term
document-scanner,FR,,,pending,,,Awaiting localized head term
document-scanner,ID,,,pending,,,Awaiting localized head term
document-scanner,JP,,,pending,,,Awaiting localized head term
document-scanner,KR,,,pending,,,Awaiting localized head term
document-scanner,TH,,,pending,,,Awaiting localized head term
document-scanner,TR,,,pending,,,Awaiting localized head term
document-scanner,VN,,,pending,,,Awaiting localized head term
domain-age-checker,BR,,,pending,,,Awaiting localized head term
domain-age-checker,DE,,,pending,,,Awaiting localized head term
domain-age-checker,ES,,,pending,,,Awaiting localized head term
domain-age-checker,FR,,,pending,,,Awaiting localized head term
domain-age-checker,ID,,,pending,,,Awaiting localized head term
domain-age-checker,JP,,,pending,,,Awaiting localized head term
domain-age-checker,KR,,,pending,,,Awaiting localized head term
domain-age-checker,TH,,,pending,,,Awaiting localized head term
domain-age-checker,TR,,,pending,,,Awaiting localized head term
domain-age-checker,VN,,,pending,,,Awaiting localized head term
email-signature-generator,BR,,,pending,,,Awaiting localized head term
email-signature-generator,DE,,,pending,,,Awaiting localized head term
email-signature-generator,ES,,,pending,,,Awaiting localized head term
email-signature-generator,FR,,,pending,,,Awaiting localized head term
email-signature-generator,ID,,,pending,,,Awaiting localized head term
email-signature-generator,JP,,,pending,,,Awaiting localized head term
email-signature-generator,KR,,,pending,,,Awaiting localized head term
email-signature-generator,TH,,,pending,,,Awaiting localized head term
email-signature-generator,TR,,,pending,,,Awaiting localized head term
email-signature-generator,VN,,,pending,,,Awaiting localized head term
email-subject-line-tester,BR,,,pending,,,Awaiting localized head term
email-subject-line-tester,DE,,,pending,,,Awaiting localized head term
email-subject-line-tester,ES,,,pending,,,Awaiting localized head term
email-subject-line-tester,FR,,,pending,,,Awaiting localized head term
email-subject-line-tester,ID,,,pending,,,Awaiting localized head term
email-subject-line-tester,JP,,,pending,,,Awaiting localized head term
email-subject-line-tester,KR,,,pending,,,Awaiting localized head term
email-subject-line-tester,TH,,,pending,,,Awaiting localized head term
email-subject-line-tester,TR,,,pending,,,Awaiting localized head term
email-subject-line-tester,VN,,,pending,,,Awaiting localized head term
email-writer,BR,,,pending,,,Awaiting localized head term
email-writer,DE,,,pending,,,Awaiting localized head term
email-writer,ES,,,pending,,,Awaiting localized head term
email-writer,FR,,,pending,,,Awaiting localized head term
email-writer,ID,,,pending,,,Awaiting localized head term
email-writer,JP,,,pending,,,Awaiting localized head term
email-writer,KR,,,pending,,,Awaiting localized head term
email-writer,TH,,,pending,,,Awaiting localized head term
email-writer,TR,,,pending,,,Awaiting localized head term
email-writer,VN,,,pending,,,Awaiting localized head term
emoji-picker,BR,,,pending,,,Awaiting localized head term
emoji-picker,DE,,,pending,,,Awaiting localized head term
emoji-picker,ES,,,pending,,,Awaiting localized head term
emoji-picker,FR,,,pending,,,Awaiting localized head term
emoji-picker,ID,,,pending,,,Awaiting localized head term
emoji-picker,JP,,,pending,,,Awaiting localized head term
emoji-picker,KR,,,pending,,,Awaiting localized head term
emoji-picker,TH,,,pending,,,Awaiting localized head term
emoji-picker,TR,,,pending,,,Awaiting localized head term
emoji-picker,VN,,,pending,,,Awaiting localized head term
employee-cost-calculator,BR,,,pending,,,Awaiting localized head term
employee-cost-calculator,DE,,,pending,,,Awaiting localized head term
employee-cost-calculator,ES,,,pending,,,Awaiting localized head term
employee-cost-calculator,FR,,,pending,,,Awaiting localized head term
employee-cost-calculator,ID,,,pending,,,Awaiting localized head term
employee-cost-calculator,JP,,,pending,,,Awaiting localized head term
employee-cost-calculator,KR,,,pending,,,Awaiting localized head term
employee-cost-calculator,TH,,,pending,,,Awaiting localized head term
employee-cost-calculator,TR,,,pending,,,Awaiting localized head term
employee-cost-calculator,VN,,,pending,,,Awaiting localized head term
epub-to-pdf-converter,BR,,,pending,,,Awaiting localized head term
epub-to-pdf-converter,DE,,,pending,,,Awaiting localized head term
epub-to-pdf-converter,ES,,,pending,,,Awaiting localized head term
epub-to-pdf-converter,FR,,,pending,,,Awaiting localized head term
epub-to-pdf-converter,ID,,,pending,,,Awaiting localized head term
epub-to-pdf-converter,JP,,,pending,,,Awaiting localized head term
epub-to-pdf-converter,KR,,,pending,,,Awaiting localized head term
epub-to-pdf-converter,TH,,,pending,,,Awaiting localized head term
epub-to-pdf-converter,TR,,,pending,,,Awaiting localized head term
epub-to-pdf-converter,VN,,,pending,,,Awaiting localized head term
essay-outline-generator,BR,,,pending,,,Awaiting localized head term
essay-outline-generator,DE,,,pending,,,Awaiting localized head term
essay-outline-generator,ES,,,pending,,,Awaiting localized head term
essay-outline-generator,FR,,,pending,,,Awaiting localized head term
essay-outline-generator,ID,,,pending,,,Awaiting localized head term
essay-outline-generator,JP,,,pending,,,Awaiting localized head term
essay-outline-generator,KR,,,pending,,,Awaiting localized head term
essay-outline-generator,TH,,,pending,,,Awaiting localized head term
essay-outline-generator,TR,,,pending,,,Awaiting localized head term
essay-outline-generator,VN,,,pending,,,Awaiting localized head term
exif-metadata-remover,BR,,,pending,,,Awaiting localized head term
exif-metadata-remover,DE,,,pending,,,Awaiting localized head term
exif-metadata-remover,ES,,,pending,,,Awaiting localized head term
exif-metadata-remover,FR,,,pending,,,Awaiting localized head term
exif-metadata-remover,ID,,,pending,,,Awaiting localized head term
exif-metadata-remover,JP,,,pending,,,Awaiting localized head term
exif-metadata-remover,KR,,,pending,,,Awaiting localized head term
exif-metadata-remover,TH,,,pending,,,Awaiting localized head term
exif-metadata-remover,TR,,,pending,,,Awaiting localized head term
exif-metadata-remover,VN,,,pending,,,Awaiting localized head term
facebook-post-generator,BR,,,pending,,,Awaiting localized head term
facebook-post-generator,DE,,,pending,,,Awaiting localized head term
facebook-post-generator,ES,,,pending,,,Awaiting localized head term
facebook-post-generator,FR,,,pending,,,Awaiting localized head term
facebook-post-generator,ID,,,pending,,,Awaiting localized head term
facebook-post-generator,JP,,,pending,,,Awaiting localized head term
facebook-post-generator,KR,,,pending,,,Awaiting localized head term
facebook-post-generator,TH,,,pending,,,Awaiting localized head term
facebook-post-generator,TR,,,pending,,,Awaiting localized head term
facebook-post-generator,VN,,,pending,,,Awaiting localized head term
fancy-text-generator,BR,,,pending,,,Awaiting localized head term
fancy-text-generator,DE,,,pending,,,Awaiting localized head term
fancy-text-generator,ES,,,pending,,,Awaiting localized head term
fancy-text-generator,FR,,,pending,,,Awaiting localized head term
fancy-text-generator,ID,,,pending,,,Awaiting localized head term
fancy-text-generator,JP,,,pending,,,Awaiting localized head term
fancy-text-generator,KR,,,pending,,,Awaiting localized head term
fancy-text-generator,TH,,,pending,,,Awaiting localized head term
fancy-text-generator,TR,,,pending,,,Awaiting localized head term
fancy-text-generator,VN,,,pending,,,Awaiting localized head term
faq-generator,BR,,,pending,,,Awaiting localized head term
faq-generator,DE,,,pending,,,Awaiting localized head term
faq-generator,ES,,,pending,,,Awaiting localized head term
faq-generator,FR,,,pending,,,Awaiting localized head term
faq-generator,ID,,,pending,,,Awaiting localized head term
faq-generator,JP,,,pending,,,Awaiting localized head term
faq-generator,KR,,,pending,,,Awaiting localized head term
faq-generator,TH,,,pending,,,Awaiting localized head term
faq-generator,TR,,,pending,,,Awaiting localized head term
faq-generator,VN,,,pending,,,Awaiting localized head term
favicon-generator,BR,,,pending,,,Awaiting localized head term
favicon-generator,DE,,,pending,,,Awaiting localized head term
favicon-generator,ES,,,pending,,,Awaiting localized head term
favicon-generator,FR,,,pending,,,Awaiting localized head term
favicon-generator,ID,,,pending,,,Awaiting localized head term
favicon-generator,JP,,,pending,,,Awaiting localized head term
favicon-generator,KR,,,pending,,,Awaiting localized head term
favicon-generator,TH,,,pending,,,Awaiting localized head term
favicon-generator,TR,,,pending,,,Awaiting localized head term
favicon-generator,VN,,,pending,,,Awaiting localized head term
fraction-calculator,BR,,,pending,,,Awaiting localized head term
fraction-calculator,DE,,,pending,,,Awaiting localized head term
fraction-calculator,ES,,,pending,,,Awaiting localized head term
fraction-calculator,FR,,,pending,,,Awaiting localized head term
fraction-calculator,ID,,,pending,,,Awaiting localized head term
fraction-calculator,JP,,,pending,,,Awaiting localized head term
fraction-calculator,KR,,,pending,,,Awaiting localized head term
fraction-calculator,TH,,,pending,,,Awaiting localized head term
fraction-calculator,TR,,,pending,,,Awaiting localized head term
fraction-calculator,VN,,,pending,,,Awaiting localized head term
freelance-rate-calculator,BR,,,pending,,,Awaiting localized head term
freelance-rate-calculator,DE,,,pending,,,Awaiting localized head term
freelance-rate-calculator,ES,,,pending,,,Awaiting localized head term
freelance-rate-calculator,FR,,,pending,,,Awaiting localized head term
freelance-rate-calculator,ID,,,pending,,,Awaiting localized head term
freelance-rate-calculator,JP,,,pending,,,Awaiting localized head term
freelance-rate-calculator,KR,,,pending,,,Awaiting localized head term
freelance-rate-calculator,TH,,,pending,,,Awaiting localized head term
freelance-rate-calculator,TR,,,pending,,,Awaiting localized head term
freelance-rate-calculator,VN,,,pending,,,Awaiting localized head term
gif-to-video-converter,BR,,,pending,,,Awaiting localized head term
gif-to-video-converter,DE,,,pending,,,Awaiting localized head term
gif-to-video-converter,ES,,,pending,,,Awaiting localized head term
gif-to-video-converter,FR,,,pending,,,Awaiting localized head term
gif-to-video-converter,ID,,,pending,,,Awaiting localized head term
gif-to-video-converter,JP,,,pending,,,Awaiting localized head term
gif-to-video-converter,KR,,,pending,,,Awaiting localized head term
gif-to-video-converter,TH,,,pending,,,Awaiting localized head term
gif-to-video-converter,TR,,,pending,,,Awaiting localized head term
gif-to-video-converter,VN,,,pending,,,Awaiting localized head term
gradient-generator,BR,,,pending,,,Awaiting localized head term
gradient-generator,DE,,,pending,,,Awaiting localized head term
gradient-generator,ES,,,pending,,,Awaiting localized head term
gradient-generator,FR,,,pending,,,Awaiting localized head term
gradient-generator,ID,,,pending,,,Awaiting localized head term
gradient-generator,JP,,,pending,,,Awaiting localized head term
gradient-generator,KR,,,pending,,,Awaiting localized head term
gradient-generator,TH,,,pending,,,Awaiting localized head term
gradient-generator,TR,,,pending,,,Awaiting localized head term
gradient-generator,VN,,,pending,,,Awaiting localized head term
grammar-checker,BR,,,pending,,,Awaiting localized head term
grammar-checker,DE,,,pending,,,Awaiting localized head term
grammar-checker,ES,,,pending,,,Awaiting localized head term
grammar-checker,FR,,,pending,,,Awaiting localized head term
grammar-checker,ID,,,pending,,,Awaiting localized head term
grammar-checker,JP,,,pending,,,Awaiting localized head term
grammar-checker,KR,,,pending,,,Awaiting localized head term
grammar-checker,TH,,,pending,,,Awaiting localized head term
grammar-checker,TR,,,pending,,,Awaiting localized head term
grammar-checker,VN,,,pending,,,Awaiting localized head term
hash-generator,BR,,,pending,,,Awaiting localized head term
hash-generator,DE,,,pending,,,Awaiting localized head term
hash-generator,ES,,,pending,,,Awaiting localized head term
hash-generator,FR,,,pending,,,Awaiting localized head term
hash-generator,ID,,,pending,,,Awaiting localized head term
hash-generator,JP,,,pending,,,Awaiting localized head term
hash-generator,KR,,,pending,,,Awaiting localized head term
hash-generator,TH,,,pending,,,Awaiting localized head term
hash-generator,TR,,,pending,,,Awaiting localized head term
hash-generator,VN,,,pending,,,Awaiting localized head term
hashtag-generator,BR,,,pending,,,Awaiting localized head term
hashtag-generator,DE,,,pending,,,Awaiting localized head term
hashtag-generator,ES,,,pending,,,Awaiting localized head term
hashtag-generator,FR,,,pending,,,Awaiting localized head term
hashtag-generator,ID,,,pending,,,Awaiting localized head term
hashtag-generator,JP,,,pending,,,Awaiting localized head term
hashtag-generator,KR,,,pending,,,Awaiting localized head term
hashtag-generator,TH,,,pending,,,Awaiting localized head term
hashtag-generator,TR,,,pending,,,Awaiting localized head term
hashtag-generator,VN,,,pending,,,Awaiting localized head term
headline-analyzer,BR,,,pending,,,Awaiting localized head term
headline-analyzer,DE,,,pending,,,Awaiting localized head term
headline-analyzer,ES,,,pending,,,Awaiting localized head term
headline-analyzer,FR,,,pending,,,Awaiting localized head term
headline-analyzer,ID,,,pending,,,Awaiting localized head term
headline-analyzer,JP,,,pending,,,Awaiting localized head term
headline-analyzer,KR,,,pending,,,Awaiting localized head term
headline-analyzer,TH,,,pending,,,Awaiting localized head term
headline-analyzer,TR,,,pending,,,Awaiting localized head term
headline-analyzer,VN,,,pending,,,Awaiting localized head term
heic-to-jpg-converter,BR,,,pending,,,Awaiting localized head term
heic-to-jpg-converter,DE,,,pending,,,Awaiting localized head term
heic-to-jpg-converter,ES,,,pending,,,Awaiting localized head term
heic-to-jpg-converter,FR,,,pending,,,Awaiting localized head term
heic-to-jpg-converter,ID,,,pending,,,Awaiting localized head term
heic-to-jpg-converter,JP,,,pending,,,Awaiting localized head term
heic-to-jpg-converter,KR,,,pending,,,Awaiting localized head term
heic-to-jpg-converter,TH,,,pending,,,Awaiting localized head term
heic-to-jpg-converter,TR,,,pending,,,Awaiting localized head term
heic-to-jpg-converter,VN,,,pending,,,Awaiting localized head term
hmac-generator,BR,,,pending,,,Awaiting localized head term
hmac-generator,DE,,,pending,,,Awaiting localized head term
hmac-generator,ES,,,pending,,,Awaiting localized head term
hmac-generator,FR,,,pending,,,Awaiting localized head term
hmac-generator,ID,,,pending,,,Awaiting localized head term
hmac-generator,JP,,,pending,,,Awaiting localized head term
hmac-generator,KR,,,pending,,,Awaiting localized head term
hmac-generator,TH,,,pending,,,Awaiting localized head term
hmac-generator,TR,,,pending,,,Awaiting localized head term
hmac-generator,VN,,,pending,,,Awaiting localized head term
hourly-to-salary-calculator,BR,,,pending,,,Awaiting localized head term
hourly-to-salary-calculator,DE,,,pending,,,Awaiting localized head term
hourly-to-salary-calculator,ES,,,pending,,,Awaiting localized head term
hourly-to-salary-calculator,FR,,,pending,,,Awaiting localized head term
hourly-to-salary-calculator,ID,,,pending,,,Awaiting localized head term
hourly-to-salary-calculator,JP,,,pending,,,Awaiting localized head term
hourly-to-salary-calculator,KR,,,pending,,,Awaiting localized head term
hourly-to-salary-calculator,TH,,,pending,,,Awaiting localized head term
hourly-to-salary-calculator,TR,,,pending,,,Awaiting localized head term
hourly-to-salary-calculator,VN,,,pending,,,Awaiting localized head term
html-formatter,BR,,,pending,,,Awaiting localized head term
html-formatter,DE,,,pending,,,Awaiting localized head term
html-formatter,ES,,,pending,,,Awaiting localized head term
html-formatter,FR,,,pending,,,Awaiting localized head term
html-formatter,ID,,,pending,,,Awaiting localized head term
html-formatter,JP,,,pending,,,Awaiting localized head term
html-formatter,KR,,,pending,,,Awaiting localized head term
html-formatter,TH,,,pending,,,Awaiting localized head term
html-formatter,TR,,,pending,,,Awaiting localized head term
html-formatter,VN,,,pending,,,Awaiting localized head term
html-to-pdf-converter,BR,,,pending,,,Awaiting localized head term
html-to-pdf-converter,DE,,,pending,,,Awaiting localized head term
html-to-pdf-converter,ES,,,pending,,,Awaiting localized head term
html-to-pdf-converter,FR,,,pending,,,Awaiting localized head term
html-to-pdf-converter,ID,,,pending,,,Awaiting localized head term
html-to-pdf-converter,JP,,,pending,,,Awaiting localized head term
html-to-pdf-converter,KR,,,pending,,,Awaiting localized head term
html-to-pdf-converter,TH,,,pending,,,Awaiting localized head term
html-to-pdf-converter,TR,,,pending,,,Awaiting localized head term
html-to-pdf-converter,VN,,,pending,,,Awaiting localized head term
iban-validator,BR,,,pending,,,Awaiting localized head term
iban-validator,DE,,,pending,,,Awaiting localized head term
iban-validator,ES,,,pending,,,Awaiting localized head term
iban-validator,FR,,,pending,,,Awaiting localized head term
iban-validator,ID,,,pending,,,Awaiting localized head term
iban-validator,JP,,,pending,,,Awaiting localized head term
iban-validator,KR,,,pending,,,Awaiting localized head term
iban-validator,TH,,,pending,,,Awaiting localized head term
iban-validator,TR,,,pending,,,Awaiting localized head term
iban-validator,VN,,,pending,,,Awaiting localized head term
image-compressor,BR,comprimir imagem,comprimir imagem,serp_verified,public_serp_audit_20260717,2026-07-17T12:37:42Z,Core query reviewed in public SERP sample; native review still pending
image-compressor,DE,Bild komprimieren,Bild komprimieren,editor_reviewed,editorial_seed_20260717,,Requires native and SERP validation
image-compressor,ES,comprimir imagen,comprimir imagen,editor_reviewed,editorial_seed_20260717,,Requires native and SERP validation
image-compressor,FR,compresser image,compresser image,editor_reviewed,editorial_seed_20260717,,Requires native and SERP validation
image-compressor,ID,kompres gambar,kompres gambar,serp_verified,public_serp_audit_20260717,2026-07-17T12:37:42Z,Core query reviewed in public SERP sample; native review still pending
image-compressor,JP,画像 圧縮,画像 圧縮,serp_verified,public_serp_audit_20260717,2026-07-17T12:37:42Z,Core query reviewed in public SERP sample; native review still pending
image-compressor,KR,이미지 압축,이미지 압축,serp_verified,public_serp_audit_20260717,2026-07-17T12:37:42Z,Core query reviewed in public SERP sample; native review still pending
image-compressor,TH,บีบอัดรูปภาพ,บีบอัดรูปภาพ,editor_reviewed,editorial_seed_20260717,,Requires native and SERP validation
image-compressor,TR,resim sıkıştırma,resim sıkıştırma,editor_reviewed,editorial_seed_20260717,,Requires native and SERP validation
image-compressor,VN,nén ảnh,nén ảnh,serp_verified,public_serp_audit_20260717,2026-07-17T12:37:42Z,Core query reviewed in public SERP sample; native review still pending
image-converter,BR,,,pending,,,Awaiting localized head term
image-converter,DE,,,pending,,,Awaiting localized head term
image-converter,ES,,,pending,,,Awaiting localized head term
image-converter,FR,,,pending,,,Awaiting localized head term
image-converter,ID,,,pending,,,Awaiting localized head term
image-converter,JP,,,pending,,,Awaiting localized head term
image-converter,KR,,,pending,,,Awaiting localized head term
image-converter,TH,,,pending,,,Awaiting localized head term
image-converter,TR,,,pending,,,Awaiting localized head term
image-converter,VN,,,pending,,,Awaiting localized head term
image-cropper,BR,,,pending,,,Awaiting localized head term
image-cropper,DE,,,pending,,,Awaiting localized head term
image-cropper,ES,,,pending,,,Awaiting localized head term
image-cropper,FR,,,pending,,,Awaiting localized head term
image-cropper,ID,,,pending,,,Awaiting localized head term
image-cropper,JP,,,pending,,,Awaiting localized head term
image-cropper,KR,,,pending,,,Awaiting localized head term
image-cropper,TH,,,pending,,,Awaiting localized head term
image-cropper,TR,,,pending,,,Awaiting localized head term
image-cropper,VN,,,pending,,,Awaiting localized head term
image-resizer,BR,redimensionar imagem,redimensionar imagem,serp_verified,public_serp_audit_20260717,2026-07-17T12:37:42Z,Core query reviewed in public SERP sample; native review still pending
image-resizer,DE,Bildgröße ändern,Bildgröße ändern,editor_reviewed,editorial_seed_20260717,,Requires native and SERP validation
image-resizer,ES,redimensionar imagen,redimensionar imagen,editor_reviewed,editorial_seed_20260717,,Requires native and SERP validation
image-resizer,FR,redimensionner image,redimensionner image,editor_reviewed,editorial_seed_20260717,,Requires native and SERP validation
image-resizer,ID,ubah ukuran gambar,ubah ukuran gambar,serp_verified,public_serp_audit_20260717,2026-07-17T12:37:42Z,Core query reviewed in public SERP sample; native review still pending
image-resizer,JP,画像 サイズ変更,画像 サイズ変更,serp_verified,public_serp_audit_20260717,2026-07-17T12:37:42Z,Core query reviewed in public SERP sample; native review still pending
image-resizer,KR,이미지 크기 조절,이미지 크기 조절,serp_verified,public_serp_audit_20260717,2026-07-17T12:37:42Z,Core query reviewed in public SERP sample; native review still pending
image-resizer,TH,ปรับขนาดรูปภาพ,ปรับขนาดรูปภาพ,editor_reviewed,editorial_seed_20260717,,Requires native and SERP validation
image-resizer,TR,resim boyutlandırma,resim boyutlandırma,editor_reviewed,editorial_seed_20260717,,Requires native and SERP validation
image-resizer,VN,thay đổi kích thước ảnh,thay đổi kích thước ảnh,serp_verified,public_serp_audit_20260717,2026-07-17T12:37:42Z,Core query reviewed in public SERP sample; native review still pending
image-to-pdf-converter,BR,,,pending,,,Awaiting localized head term
image-to-pdf-converter,DE,,,pending,,,Awaiting localized head term
image-to-pdf-converter,ES,,,pending,,,Awaiting localized head term
image-to-pdf-converter,FR,,,pending,,,Awaiting localized head term
image-to-pdf-converter,ID,,,pending,,,Awaiting localized head term
image-to-pdf-converter,JP,,,pending,,,Awaiting localized head term
image-to-pdf-converter,KR,,,pending,,,Awaiting localized head term
image-to-pdf-converter,TH,,,pending,,,Awaiting localized head term
image-to-pdf-converter,TR,,,pending,,,Awaiting localized head term
image-to-pdf-converter,VN,,,pending,,,Awaiting localized head term
image-watermark-tool,BR,,,pending,,,Awaiting localized head term
image-watermark-tool,DE,,,pending,,,Awaiting localized head term
image-watermark-tool,ES,,,pending,,,Awaiting localized head term
image-watermark-tool,FR,,,pending,,,Awaiting localized head term
image-watermark-tool,ID,,,pending,,,Awaiting localized head term
image-watermark-tool,JP,,,pending,,,Awaiting localized head term
image-watermark-tool,KR,,,pending,,,Awaiting localized head term
image-watermark-tool,TH,,,pending,,,Awaiting localized head term
image-watermark-tool,TR,,,pending,,,Awaiting localized head term
image-watermark-tool,VN,,,pending,,,Awaiting localized head term
instagram-bio-generator,BR,,,pending,,,Awaiting localized head term
instagram-bio-generator,DE,,,pending,,,Awaiting localized head term
instagram-bio-generator,ES,,,pending,,,Awaiting localized head term
instagram-bio-generator,FR,,,pending,,,Awaiting localized head term
instagram-bio-generator,ID,,,pending,,,Awaiting localized head term
instagram-bio-generator,JP,,,pending,,,Awaiting localized head term
instagram-bio-generator,KR,,,pending,,,Awaiting localized head term
instagram-bio-generator,TH,,,pending,,,Awaiting localized head term
instagram-bio-generator,TR,,,pending,,,Awaiting localized head term
instagram-bio-generator,VN,,,pending,,,Awaiting localized head term
instagram-caption-generator,BR,,,pending,,,Awaiting localized head term
instagram-caption-generator,DE,,,pending,,,Awaiting localized head term
instagram-caption-generator,ES,,,pending,,,Awaiting localized head term
instagram-caption-generator,FR,,,pending,,,Awaiting localized head term
instagram-caption-generator,ID,,,pending,,,Awaiting localized head term
instagram-caption-generator,JP,,,pending,,,Awaiting localized head term
instagram-caption-generator,KR,,,pending,,,Awaiting localized head term
instagram-caption-generator,TH,,,pending,,,Awaiting localized head term
instagram-caption-generator,TR,,,pending,,,Awaiting localized head term
instagram-caption-generator,VN,,,pending,,,Awaiting localized head term
interview-question-generator,BR,,,pending,,,Awaiting localized head term
interview-question-generator,DE,,,pending,,,Awaiting localized head term
interview-question-generator,ES,,,pending,,,Awaiting localized head term
interview-question-generator,FR,,,pending,,,Awaiting localized head term
interview-question-generator,ID,,,pending,,,Awaiting localized head term
interview-question-generator,JP,,,pending,,,Awaiting localized head term
interview-question-generator,KR,,,pending,,,Awaiting localized head term
interview-question-generator,TH,,,pending,,,Awaiting localized head term
interview-question-generator,TR,,,pending,,,Awaiting localized head term
interview-question-generator,VN,,,pending,,,Awaiting localized head term
invoice-generator,BR,gerador de faturas,gerador de faturas,serp_verified,public_serp_audit_20260717,2026-07-17T12:37:42Z,Core query reviewed in public SERP sample; native review still pending
invoice-generator,DE,Rechnung erstellen,Rechnung erstellen,editor_reviewed,editorial_seed_20260717,,Requires native and SERP validation
invoice-generator,ES,generador de facturas,generador de facturas,editor_reviewed,editorial_seed_20260717,,Requires native and SERP validation
invoice-generator,FR,générateur de facture,générateur de facture,editor_reviewed,editorial_seed_20260717,,Requires native and SERP validation
invoice-generator,ID,generator invoice,generator invoice,serp_verified,public_serp_audit_20260717,2026-07-17T12:37:42Z,Core query reviewed in public SERP sample; native review still pending
invoice-generator,JP,請求書 作成,請求書 作成,serp_verified,public_serp_audit_20260717,2026-07-17T12:37:42Z,Core query reviewed in public SERP sample; native review still pending
invoice-generator,KR,인보이스 생성기,인보이스 생성기,serp_verified,public_serp_audit_20260717,2026-07-17T12:37:42Z,Core query reviewed in public SERP sample; native review still pending
invoice-generator,TH,สร้างใบแจ้งหนี้,สร้างใบแจ้งหนี้,editor_reviewed,editorial_seed_20260717,,Requires native and SERP validation
invoice-generator,TR,fatura oluşturucu,fatura oluşturucu,editor_reviewed,editorial_seed_20260717,,Requires native and SERP validation
invoice-generator,VN,tạo hóa đơn,tạo hóa đơn,serp_verified,public_serp_audit_20260717,2026-07-17T12:37:42Z,Core query reviewed in public SERP sample; native review still pending
invoice-template-maker,BR,,,pending,,,Awaiting localized head term
invoice-template-maker,DE,,,pending,,,Awaiting localized head term
invoice-template-maker,ES,,,pending,,,Awaiting localized head term
invoice-template-maker,FR,,,pending,,,Awaiting localized head term
invoice-template-maker,ID,,,pending,,,Awaiting localized head term
invoice-template-maker,JP,,,pending,,,Awaiting localized head term
invoice-template-maker,KR,,,pending,,,Awaiting localized head term
invoice-template-maker,TH,,,pending,,,Awaiting localized head term
invoice-template-maker,TR,,,pending,,,Awaiting localized head term
invoice-template-maker,VN,,,pending,,,Awaiting localized head term
javascript-minifier,BR,,,pending,,,Awaiting localized head term
javascript-minifier,DE,,,pending,,,Awaiting localized head term
javascript-minifier,ES,,,pending,,,Awaiting localized head term
javascript-minifier,FR,,,pending,,,Awaiting localized head term
javascript-minifier,ID,,,pending,,,Awaiting localized head term
javascript-minifier,JP,,,pending,,,Awaiting localized head term
javascript-minifier,KR,,,pending,,,Awaiting localized head term
javascript-minifier,TH,,,pending,,,Awaiting localized head term
javascript-minifier,TR,,,pending,,,Awaiting localized head term
javascript-minifier,VN,,,pending,,,Awaiting localized head term
job-description-generator,BR,,,pending,,,Awaiting localized head term
job-description-generator,DE,,,pending,,,Awaiting localized head term
job-description-generator,ES,,,pending,,,Awaiting localized head term
job-description-generator,FR,,,pending,,,Awaiting localized head term
job-description-generator,ID,,,pending,,,Awaiting localized head term
job-description-generator,JP,,,pending,,,Awaiting localized head term
job-description-generator,KR,,,pending,,,Awaiting localized head term
job-description-generator,TH,,,pending,,,Awaiting localized head term
job-description-generator,TR,,,pending,,,Awaiting localized head term
job-description-generator,VN,,,pending,,,Awaiting localized head term
jpg-to-png-converter,BR,,,pending,,,Awaiting localized head term
jpg-to-png-converter,DE,,,pending,,,Awaiting localized head term
jpg-to-png-converter,ES,,,pending,,,Awaiting localized head term
jpg-to-png-converter,FR,,,pending,,,Awaiting localized head term
jpg-to-png-converter,ID,,,pending,,,Awaiting localized head term
jpg-to-png-converter,JP,,,pending,,,Awaiting localized head term
jpg-to-png-converter,KR,,,pending,,,Awaiting localized head term
jpg-to-png-converter,TH,,,pending,,,Awaiting localized head term
jpg-to-png-converter,TR,,,pending,,,Awaiting localized head term
jpg-to-png-converter,VN,,,pending,,,Awaiting localized head term
json-formatter,BR,formatador JSON,formatador JSON,serp_verified,public_serp_audit_20260717,2026-07-17T12:37:42Z,Core query reviewed in public SERP sample; native review still pending
json-formatter,DE,JSON formatieren,JSON formatieren,editor_reviewed,editorial_seed_20260717,,Requires native and SERP validation
json-formatter,ES,formateador JSON,formateador JSON,editor_reviewed,editorial_seed_20260717,,Requires native and SERP validation
json-formatter,FR,formateur JSON,formateur JSON,editor_reviewed,editorial_seed_20260717,,Requires native and SERP validation
json-formatter,ID,formatter JSON,formatter JSON,serp_verified,public_serp_audit_20260717,2026-07-17T12:37:42Z,Core query reviewed in public SERP sample; native review still pending
json-formatter,JP,JSON 整形,JSON 整形,serp_verified,public_serp_audit_20260717,2026-07-17T12:37:42Z,Core query reviewed in public SERP sample; native review still pending
json-formatter,KR,JSON 포맷터,JSON 포맷터,serp_verified,public_serp_audit_20260717,2026-07-17T12:37:42Z,Core query reviewed in public SERP sample; native review still pending
json-formatter,TH,จัดรูปแบบ JSON,จัดรูปแบบ JSON,editor_reviewed,editorial_seed_20260717,,Requires native and SERP validation
json-formatter,TR,JSON biçimlendirici,JSON biçimlendirici,editor_reviewed,editorial_seed_20260717,,Requires native and SERP validation
json-formatter,VN,định dạng JSON,định dạng JSON,serp_verified,public_serp_audit_20260717,2026-07-17T12:37:42Z,Core query reviewed in public SERP sample; native review still pending
json-validator,BR,,,pending,,,Awaiting localized head term
json-validator,DE,,,pending,,,Awaiting localized head term
json-validator,ES,,,pending,,,Awaiting localized head term
json-validator,FR,,,pending,,,Awaiting localized head term
json-validator,ID,,,pending,,,Awaiting localized head term
json-validator,JP,,,pending,,,Awaiting localized head term
json-validator,KR,,,pending,,,Awaiting localized head term
json-validator,TH,,,pending,,,Awaiting localized head term
json-validator,TR,,,pending,,,Awaiting localized head term
json-validator,VN,,,pending,,,Awaiting localized head term
jwt-decoder,BR,,,pending,,,Awaiting localized head term
jwt-decoder,DE,,,pending,,,Awaiting localized head term
jwt-decoder,ES,,,pending,,,Awaiting localized head term
jwt-decoder,FR,,,pending,,,Awaiting localized head term
jwt-decoder,ID,,,pending,,,Awaiting localized head term
jwt-decoder,JP,,,pending,,,Awaiting localized head term
jwt-decoder,KR,,,pending,,,Awaiting localized head term
jwt-decoder,TH,,,pending,,,Awaiting localized head term
jwt-decoder,TR,,,pending,,,Awaiting localized head term
jwt-decoder,VN,,,pending,,,Awaiting localized head term
keyword-density-checker,BR,,,pending,,,Awaiting localized head term
keyword-density-checker,DE,,,pending,,,Awaiting localized head term
keyword-density-checker,ES,,,pending,,,Awaiting localized head term
keyword-density-checker,FR,,,pending,,,Awaiting localized head term
keyword-density-checker,ID,,,pending,,,Awaiting localized head term
keyword-density-checker,JP,,,pending,,,Awaiting localized head term
keyword-density-checker,KR,,,pending,,,Awaiting localized head term
keyword-density-checker,TH,,,pending,,,Awaiting localized head term
keyword-density-checker,TR,,,pending,,,Awaiting localized head term
keyword-density-checker,VN,,,pending,,,Awaiting localized head term
length-converter,BR,,,pending,,,Awaiting localized head term
length-converter,DE,,,pending,,,Awaiting localized head term
length-converter,ES,,,pending,,,Awaiting localized head term
length-converter,FR,,,pending,,,Awaiting localized head term
length-converter,ID,,,pending,,,Awaiting localized head term
length-converter,JP,,,pending,,,Awaiting localized head term
length-converter,KR,,,pending,,,Awaiting localized head term
length-converter,TH,,,pending,,,Awaiting localized head term
length-converter,TR,,,pending,,,Awaiting localized head term
length-converter,VN,,,pending,,,Awaiting localized head term
link-in-bio-builder,BR,,,pending,,,Awaiting localized head term
link-in-bio-builder,DE,,,pending,,,Awaiting localized head term
link-in-bio-builder,ES,,,pending,,,Awaiting localized head term
link-in-bio-builder,FR,,,pending,,,Awaiting localized head term
link-in-bio-builder,ID,,,pending,,,Awaiting localized head term
link-in-bio-builder,JP,,,pending,,,Awaiting localized head term
link-in-bio-builder,KR,,,pending,,,Awaiting localized head term
link-in-bio-builder,TH,,,pending,,,Awaiting localized head term
link-in-bio-builder,TR,,,pending,,,Awaiting localized head term
link-in-bio-builder,VN,,,pending,,,Awaiting localized head term
linkedin-headline-generator,BR,,,pending,,,Awaiting localized head term
linkedin-headline-generator,DE,,,pending,,,Awaiting localized head term
linkedin-headline-generator,ES,,,pending,,,Awaiting localized head term
linkedin-headline-generator,FR,,,pending,,,Awaiting localized head term
linkedin-headline-generator,ID,,,pending,,,Awaiting localized head term
linkedin-headline-generator,JP,,,pending,,,Awaiting localized head term
linkedin-headline-generator,KR,,,pending,,,Awaiting localized head term
linkedin-headline-generator,TH,,,pending,,,Awaiting localized head term
linkedin-headline-generator,TR,,,pending,,,Awaiting localized head term
linkedin-headline-generator,VN,,,pending,,,Awaiting localized head term
loan-payment-calculator,BR,,,pending,,,Awaiting localized head term
loan-payment-calculator,DE,,,pending,,,Awaiting localized head term
loan-payment-calculator,ES,,,pending,,,Awaiting localized head term
loan-payment-calculator,FR,,,pending,,,Awaiting localized head term
loan-payment-calculator,ID,,,pending,,,Awaiting localized head term
loan-payment-calculator,JP,,,pending,,,Awaiting localized head term
loan-payment-calculator,KR,,,pending,,,Awaiting localized head term
loan-payment-calculator,TH,,,pending,,,Awaiting localized head term
loan-payment-calculator,TR,,,pending,,,Awaiting localized head term
loan-payment-calculator,VN,,,pending,,,Awaiting localized head term
lorem-ipsum-generator,BR,,,pending,,,Awaiting localized head term
lorem-ipsum-generator,DE,,,pending,,,Awaiting localized head term
lorem-ipsum-generator,ES,,,pending,,,Awaiting localized head term
lorem-ipsum-generator,FR,,,pending,,,Awaiting localized head term
lorem-ipsum-generator,ID,,,pending,,,Awaiting localized head term
lorem-ipsum-generator,JP,,,pending,,,Awaiting localized head term
lorem-ipsum-generator,KR,,,pending,,,Awaiting localized head term
lorem-ipsum-generator,TH,,,pending,,,Awaiting localized head term
lorem-ipsum-generator,TR,,,pending,,,Awaiting localized head term
lorem-ipsum-generator,VN,,,pending,,,Awaiting localized head term
markdown-to-pdf-converter,BR,,,pending,,,Awaiting localized head term
markdown-to-pdf-converter,DE,,,pending,,,Awaiting localized head term
markdown-to-pdf-converter,ES,,,pending,,,Awaiting localized head term
markdown-to-pdf-converter,FR,,,pending,,,Awaiting localized head term
markdown-to-pdf-converter,ID,,,pending,,,Awaiting localized head term
markdown-to-pdf-converter,JP,,,pending,,,Awaiting localized head term
markdown-to-pdf-converter,KR,,,pending,,,Awaiting localized head term
markdown-to-pdf-converter,TH,,,pending,,,Awaiting localized head term
markdown-to-pdf-converter,TR,,,pending,,,Awaiting localized head term
markdown-to-pdf-converter,VN,,,pending,,,Awaiting localized head term
meme-generator,BR,,,pending,,,Awaiting localized head term
meme-generator,DE,,,pending,,,Awaiting localized head term
meme-generator,ES,,,pending,,,Awaiting localized head term
meme-generator,FR,,,pending,,,Awaiting localized head term
meme-generator,ID,,,pending,,,Awaiting localized head term
meme-generator,JP,,,pending,,,Awaiting localized head term
meme-generator,KR,,,pending,,,Awaiting localized head term
meme-generator,TH,,,pending,,,Awaiting localized head term
meme-generator,TR,,,pending,,,Awaiting localized head term
meme-generator,VN,,,pending,,,Awaiting localized head term
meta-tag-generator,BR,,,pending,,,Awaiting localized head term
meta-tag-generator,DE,,,pending,,,Awaiting localized head term
meta-tag-generator,ES,,,pending,,,Awaiting localized head term
meta-tag-generator,FR,,,pending,,,Awaiting localized head term
meta-tag-generator,ID,,,pending,,,Awaiting localized head term
meta-tag-generator,JP,,,pending,,,Awaiting localized head term
meta-tag-generator,KR,,,pending,,,Awaiting localized head term
meta-tag-generator,TH,,,pending,,,Awaiting localized head term
meta-tag-generator,TR,,,pending,,,Awaiting localized head term
meta-tag-generator,VN,,,pending,,,Awaiting localized head term
mp3-converter,BR,,,pending,,,Awaiting localized head term
mp3-converter,DE,,,pending,,,Awaiting localized head term
mp3-converter,ES,,,pending,,,Awaiting localized head term
mp3-converter,FR,,,pending,,,Awaiting localized head term
mp3-converter,ID,,,pending,,,Awaiting localized head term
mp3-converter,JP,,,pending,,,Awaiting localized head term
mp3-converter,KR,,,pending,,,Awaiting localized head term
mp3-converter,TH,,,pending,,,Awaiting localized head term
mp3-converter,TR,,,pending,,,Awaiting localized head term
mp3-converter,VN,,,pending,,,Awaiting localized head term
notice-period-calculator,BR,,,pending,,,Awaiting localized head term
notice-period-calculator,DE,,,pending,,,Awaiting localized head term
notice-period-calculator,ES,,,pending,,,Awaiting localized head term
notice-period-calculator,FR,,,pending,,,Awaiting localized head term
notice-period-calculator,ID,,,pending,,,Awaiting localized head term
notice-period-calculator,JP,,,pending,,,Awaiting localized head term
notice-period-calculator,KR,,,pending,,,Awaiting localized head term
notice-period-calculator,TH,,,pending,,,Awaiting localized head term
notice-period-calculator,TR,,,pending,,,Awaiting localized head term
notice-period-calculator,VN,,,pending,,,Awaiting localized head term
ocr-text-extractor,BR,,,pending,,,Awaiting localized head term
ocr-text-extractor,DE,,,pending,,,Awaiting localized head term
ocr-text-extractor,ES,,,pending,,,Awaiting localized head term
ocr-text-extractor,FR,,,pending,,,Awaiting localized head term
ocr-text-extractor,ID,,,pending,,,Awaiting localized head term
ocr-text-extractor,JP,,,pending,,,Awaiting localized head term
ocr-text-extractor,KR,,,pending,,,Awaiting localized head term
ocr-text-extractor,TH,,,pending,,,Awaiting localized head term
ocr-text-extractor,TR,,,pending,,,Awaiting localized head term
ocr-text-extractor,VN,,,pending,,,Awaiting localized head term
offer-letter-generator,BR,,,pending,,,Awaiting localized head term
offer-letter-generator,DE,,,pending,,,Awaiting localized head term
offer-letter-generator,ES,,,pending,,,Awaiting localized head term
offer-letter-generator,FR,,,pending,,,Awaiting localized head term
offer-letter-generator,ID,,,pending,,,Awaiting localized head term
offer-letter-generator,JP,,,pending,,,Awaiting localized head term
offer-letter-generator,KR,,,pending,,,Awaiting localized head term
offer-letter-generator,TH,,,pending,,,Awaiting localized head term
offer-letter-generator,TR,,,pending,,,Awaiting localized head term
offer-letter-generator,VN,,,pending,,,Awaiting localized head term
open-graph-generator,BR,,,pending,,,Awaiting localized head term
open-graph-generator,DE,,,pending,,,Awaiting localized head term
open-graph-generator,ES,,,pending,,,Awaiting localized head term
open-graph-generator,FR,,,pending,,,Awaiting localized head term
open-graph-generator,ID,,,pending,,,Awaiting localized head term
open-graph-generator,JP,,,pending,,,Awaiting localized head term
open-graph-generator,KR,,,pending,,,Awaiting localized head term
open-graph-generator,TH,,,pending,,,Awaiting localized head term
open-graph-generator,TR,,,pending,,,Awaiting localized head term
open-graph-generator,VN,,,pending,,,Awaiting localized head term
overtime-calculator,BR,,,pending,,,Awaiting localized head term
overtime-calculator,DE,,,pending,,,Awaiting localized head term
overtime-calculator,ES,,,pending,,,Awaiting localized head term
overtime-calculator,FR,,,pending,,,Awaiting localized head term
overtime-calculator,ID,,,pending,,,Awaiting localized head term
overtime-calculator,JP,,,pending,,,Awaiting localized head term
overtime-calculator,KR,,,pending,,,Awaiting localized head term
overtime-calculator,TH,,,pending,,,Awaiting localized head term
overtime-calculator,TR,,,pending,,,Awaiting localized head term
overtime-calculator,VN,,,pending,,,Awaiting localized head term
paraphrasing-tool,BR,,,pending,,,Awaiting localized head term
paraphrasing-tool,DE,,,pending,,,Awaiting localized head term
paraphrasing-tool,ES,,,pending,,,Awaiting localized head term
paraphrasing-tool,FR,,,pending,,,Awaiting localized head term
paraphrasing-tool,ID,,,pending,,,Awaiting localized head term
paraphrasing-tool,JP,,,pending,,,Awaiting localized head term
paraphrasing-tool,KR,,,pending,,,Awaiting localized head term
paraphrasing-tool,TH,,,pending,,,Awaiting localized head term
paraphrasing-tool,TR,,,pending,,,Awaiting localized head term
paraphrasing-tool,VN,,,pending,,,Awaiting localized head term
passport-photo-maker,BR,,,pending,,,Awaiting localized head term
passport-photo-maker,DE,,,pending,,,Awaiting localized head term
passport-photo-maker,ES,,,pending,,,Awaiting localized head term
passport-photo-maker,FR,,,pending,,,Awaiting localized head term
passport-photo-maker,ID,,,pending,,,Awaiting localized head term
passport-photo-maker,JP,,,pending,,,Awaiting localized head term
passport-photo-maker,KR,,,pending,,,Awaiting localized head term
passport-photo-maker,TH,,,pending,,,Awaiting localized head term
passport-photo-maker,TR,,,pending,,,Awaiting localized head term
passport-photo-maker,VN,,,pending,,,Awaiting localized head term
password-generator,BR,gerador de senhas,gerador de senhas,serp_verified,public_serp_audit_20260717,2026-07-17T12:37:42Z,Core query reviewed in public SERP sample; native review still pending
password-generator,DE,Passwort Generator,Passwort Generator,editor_reviewed,editorial_seed_20260717,,Requires native and SERP validation
password-generator,ES,generador de contraseñas,generador de contraseñas,editor_reviewed,editorial_seed_20260717,,Requires native and SERP validation
password-generator,FR,générateur de mot de passe,générateur de mot de passe,editor_reviewed,editorial_seed_20260717,,Requires native and SERP validation
password-generator,ID,generator kata sandi,generator kata sandi,serp_verified,public_serp_audit_20260717,2026-07-17T12:37:42Z,Core query reviewed in public SERP sample; native review still pending
password-generator,JP,パスワード 生成,パスワード 生成,serp_verified,public_serp_audit_20260717,2026-07-17T12:37:42Z,Core query reviewed in public SERP sample; native review still pending
password-generator,KR,비밀번호 생성기,비밀번호 생성기,serp_verified,public_serp_audit_20260717,2026-07-17T12:37:42Z,Core query reviewed in public SERP sample; native review still pending
password-generator,TH,สร้างรหัสผ่าน,สร้างรหัสผ่าน,editor_reviewed,editorial_seed_20260717,,Requires native and SERP validation
password-generator,TR,şifre oluşturucu,şifre oluşturucu,editor_reviewed,editorial_seed_20260717,,Requires native and SERP validation
password-generator,VN,tạo mật khẩu,tạo mật khẩu,serp_verified,public_serp_audit_20260717,2026-07-17T12:37:42Z,Core query reviewed in public SERP sample; native review still pending
paypal-fee-calculator,BR,,,pending,,,Awaiting localized head term
paypal-fee-calculator,DE,,,pending,,,Awaiting localized head term
paypal-fee-calculator,ES,,,pending,,,Awaiting localized head term
paypal-fee-calculator,FR,,,pending,,,Awaiting localized head term
paypal-fee-calculator,ID,,,pending,,,Awaiting localized head term
paypal-fee-calculator,JP,,,pending,,,Awaiting localized head term
paypal-fee-calculator,KR,,,pending,,,Awaiting localized head term
paypal-fee-calculator,TH,,,pending,,,Awaiting localized head term
paypal-fee-calculator,TR,,,pending,,,Awaiting localized head term
paypal-fee-calculator,VN,,,pending,,,Awaiting localized head term
pdf-compressor,BR,comprimir PDF,comprimir PDF,serp_verified,public_serp_audit_20260717,2026-07-17T12:37:42Z,Core query reviewed in public SERP sample; native review still pending
pdf-compressor,DE,PDF komprimieren,PDF komprimieren,editor_reviewed,editorial_seed_20260717,,Requires native and SERP validation
pdf-compressor,ES,comprimir PDF,comprimir PDF,editor_reviewed,editorial_seed_20260717,,Requires native and SERP validation
pdf-compressor,FR,compresser PDF,compresser PDF,editor_reviewed,editorial_seed_20260717,,Requires native and SERP validation
pdf-compressor,ID,kompres PDF,kompres PDF,serp_verified,public_serp_audit_20260717,2026-07-17T12:37:42Z,Core query reviewed in public SERP sample; native review still pending
pdf-compressor,JP,PDF 圧縮,PDF 圧縮,serp_verified,public_serp_audit_20260717,2026-07-17T12:37:42Z,Core query reviewed in public SERP sample; native review still pending
pdf-compressor,KR,PDF 압축,PDF 압축,serp_verified,public_serp_audit_20260717,2026-07-17T12:37:42Z,Core query reviewed in public SERP sample; native review still pending
pdf-compressor,TH,บีบอัด PDF,บีบอัด PDF,editor_reviewed,editorial_seed_20260717,,Requires native and SERP validation
pdf-compressor,TR,PDF sıkıştırma,PDF sıkıştırma,editor_reviewed,editorial_seed_20260717,,Requires native and SERP validation
pdf-compressor,VN,nén PDF,nén PDF,serp_verified,public_serp_audit_20260717,2026-07-17T12:37:42Z,Core query reviewed in public SERP sample; native review still pending
pdf-form-filler,BR,,,pending,,,Awaiting localized head term
pdf-form-filler,DE,,,pending,,,Awaiting localized head term
pdf-form-filler,ES,,,pending,,,Awaiting localized head term
pdf-form-filler,FR,,,pending,,,Awaiting localized head term
pdf-form-filler,ID,,,pending,,,Awaiting localized head term
pdf-form-filler,JP,,,pending,,,Awaiting localized head term
pdf-form-filler,KR,,,pending,,,Awaiting localized head term
pdf-form-filler,TH,,,pending,,,Awaiting localized head term
pdf-form-filler,TR,,,pending,,,Awaiting localized head term
pdf-form-filler,VN,,,pending,,,Awaiting localized head term
pdf-merger,BR,,,pending,,,Awaiting localized head term
pdf-merger,DE,,,pending,,,Awaiting localized head term
pdf-merger,ES,,,pending,,,Awaiting localized head term
pdf-merger,FR,,,pending,,,Awaiting localized head term
pdf-merger,ID,,,pending,,,Awaiting localized head term
pdf-merger,JP,,,pending,,,Awaiting localized head term
pdf-merger,KR,,,pending,,,Awaiting localized head term
pdf-merger,TH,,,pending,,,Awaiting localized head term
pdf-merger,TR,,,pending,,,Awaiting localized head term
pdf-merger,VN,,,pending,,,Awaiting localized head term
pdf-metadata-editor,BR,,,pending,,,Awaiting localized head term
pdf-metadata-editor,DE,,,pending,,,Awaiting localized head term
pdf-metadata-editor,ES,,,pending,,,Awaiting localized head term
pdf-metadata-editor,FR,,,pending,,,Awaiting localized head term
pdf-metadata-editor,ID,,,pending,,,Awaiting localized head term
pdf-metadata-editor,JP,,,pending,,,Awaiting localized head term
pdf-metadata-editor,KR,,,pending,,,Awaiting localized head term
pdf-metadata-editor,TH,,,pending,,,Awaiting localized head term
pdf-metadata-editor,TR,,,pending,,,Awaiting localized head term
pdf-metadata-editor,VN,,,pending,,,Awaiting localized head term
pdf-page-numbering-tool,BR,,,pending,,,Awaiting localized head term
pdf-page-numbering-tool,DE,,,pending,,,Awaiting localized head term
pdf-page-numbering-tool,ES,,,pending,,,Awaiting localized head term
pdf-page-numbering-tool,FR,,,pending,,,Awaiting localized head term
pdf-page-numbering-tool,ID,,,pending,,,Awaiting localized head term
pdf-page-numbering-tool,JP,,,pending,,,Awaiting localized head term
pdf-page-numbering-tool,KR,,,pending,,,Awaiting localized head term
pdf-page-numbering-tool,TH,,,pending,,,Awaiting localized head term
pdf-page-numbering-tool,TR,,,pending,,,Awaiting localized head term
pdf-page-numbering-tool,VN,,,pending,,,Awaiting localized head term
pdf-page-remover,BR,,,pending,,,Awaiting localized head term
pdf-page-remover,DE,,,pending,,,Awaiting localized head term
pdf-page-remover,ES,,,pending,,,Awaiting localized head term
pdf-page-remover,FR,,,pending,,,Awaiting localized head term
pdf-page-remover,ID,,,pending,,,Awaiting localized head term
pdf-page-remover,JP,,,pending,,,Awaiting localized head term
pdf-page-remover,KR,,,pending,,,Awaiting localized head term
pdf-page-remover,TH,,,pending,,,Awaiting localized head term
pdf-page-remover,TR,,,pending,,,Awaiting localized head term
pdf-page-remover,VN,,,pending,,,Awaiting localized head term
pdf-page-rotator,BR,,,pending,,,Awaiting localized head term
pdf-page-rotator,DE,,,pending,,,Awaiting localized head term
pdf-page-rotator,ES,,,pending,,,Awaiting localized head term
pdf-page-rotator,FR,,,pending,,,Awaiting localized head term
pdf-page-rotator,ID,,,pending,,,Awaiting localized head term
pdf-page-rotator,JP,,,pending,,,Awaiting localized head term
pdf-page-rotator,KR,,,pending,,,Awaiting localized head term
pdf-page-rotator,TH,,,pending,,,Awaiting localized head term
pdf-page-rotator,TR,,,pending,,,Awaiting localized head term
pdf-page-rotator,VN,,,pending,,,Awaiting localized head term
pdf-password-protector,BR,,,pending,,,Awaiting localized head term
pdf-password-protector,DE,,,pending,,,Awaiting localized head term
pdf-password-protector,ES,,,pending,,,Awaiting localized head term
pdf-password-protector,FR,,,pending,,,Awaiting localized head term
pdf-password-protector,ID,,,pending,,,Awaiting localized head term
pdf-password-protector,JP,,,pending,,,Awaiting localized head term
pdf-password-protector,KR,,,pending,,,Awaiting localized head term
pdf-password-protector,TH,,,pending,,,Awaiting localized head term
pdf-password-protector,TR,,,pending,,,Awaiting localized head term
pdf-password-protector,VN,,,pending,,,Awaiting localized head term
pdf-password-remover,BR,,,pending,,,Awaiting localized head term
pdf-password-remover,DE,,,pending,,,Awaiting localized head term
pdf-password-remover,ES,,,pending,,,Awaiting localized head term
pdf-password-remover,FR,,,pending,,,Awaiting localized head term
pdf-password-remover,ID,,,pending,,,Awaiting localized head term
pdf-password-remover,JP,,,pending,,,Awaiting localized head term
pdf-password-remover,KR,,,pending,,,Awaiting localized head term
pdf-password-remover,TH,,,pending,,,Awaiting localized head term
pdf-password-remover,TR,,,pending,,,Awaiting localized head term
pdf-password-remover,VN,,,pending,,,Awaiting localized head term
pdf-splitter,BR,,,pending,,,Awaiting localized head term
pdf-splitter,DE,,,pending,,,Awaiting localized head term
pdf-splitter,ES,,,pending,,,Awaiting localized head term
pdf-splitter,FR,,,pending,,,Awaiting localized head term
pdf-splitter,ID,,,pending,,,Awaiting localized head term
pdf-splitter,JP,,,pending,,,Awaiting localized head term
pdf-splitter,KR,,,pending,,,Awaiting localized head term
pdf-splitter,TH,,,pending,,,Awaiting localized head term
pdf-splitter,TR,,,pending,,,Awaiting localized head term
pdf-splitter,VN,,,pending,,,Awaiting localized head term
pdf-to-image-converter,BR,,,pending,,,Awaiting localized head term
pdf-to-image-converter,DE,,,pending,,,Awaiting localized head term
pdf-to-image-converter,ES,,,pending,,,Awaiting localized head term
pdf-to-image-converter,FR,,,pending,,,Awaiting localized head term
pdf-to-image-converter,ID,,,pending,,,Awaiting localized head term
pdf-to-image-converter,JP,,,pending,,,Awaiting localized head term
pdf-to-image-converter,KR,,,pending,,,Awaiting localized head term
pdf-to-image-converter,TH,,,pending,,,Awaiting localized head term
pdf-to-image-converter,TR,,,pending,,,Awaiting localized head term
pdf-to-image-converter,VN,,,pending,,,Awaiting localized head term
pdf-to-word-converter,BR,,,pending,,,Awaiting localized head term
pdf-to-word-converter,DE,,,pending,,,Awaiting localized head term
pdf-to-word-converter,ES,,,pending,,,Awaiting localized head term
pdf-to-word-converter,FR,,,pending,,,Awaiting localized head term
pdf-to-word-converter,ID,,,pending,,,Awaiting localized head term
pdf-to-word-converter,JP,,,pending,,,Awaiting localized head term
pdf-to-word-converter,KR,,,pending,,,Awaiting localized head term
pdf-to-word-converter,TH,,,pending,,,Awaiting localized head term
pdf-to-word-converter,TR,,,pending,,,Awaiting localized head term
pdf-to-word-converter,VN,,,pending,,,Awaiting localized head term
pdf-watermark-tool,BR,,,pending,,,Awaiting localized head term
pdf-watermark-tool,DE,,,pending,,,Awaiting localized head term
pdf-watermark-tool,ES,,,pending,,,Awaiting localized head term
pdf-watermark-tool,FR,,,pending,,,Awaiting localized head term
pdf-watermark-tool,ID,,,pending,,,Awaiting localized head term
pdf-watermark-tool,JP,,,pending,,,Awaiting localized head term
pdf-watermark-tool,KR,,,pending,,,Awaiting localized head term
pdf-watermark-tool,TH,,,pending,,,Awaiting localized head term
pdf-watermark-tool,TR,,,pending,,,Awaiting localized head term
pdf-watermark-tool,VN,,,pending,,,Awaiting localized head term
percentage-calculator,BR,,,pending,,,Awaiting localized head term
percentage-calculator,DE,,,pending,,,Awaiting localized head term
percentage-calculator,ES,,,pending,,,Awaiting localized head term
percentage-calculator,FR,,,pending,,,Awaiting localized head term
percentage-calculator,ID,,,pending,,,Awaiting localized head term
percentage-calculator,JP,,,pending,,,Awaiting localized head term
percentage-calculator,KR,,,pending,,,Awaiting localized head term
percentage-calculator,TH,,,pending,,,Awaiting localized head term
percentage-calculator,TR,,,pending,,,Awaiting localized head term
percentage-calculator,VN,,,pending,,,Awaiting localized head term
photo-collage-maker,BR,,,pending,,,Awaiting localized head term
photo-collage-maker,DE,,,pending,,,Awaiting localized head term
photo-collage-maker,ES,,,pending,,,Awaiting localized head term
photo-collage-maker,FR,,,pending,,,Awaiting localized head term
photo-collage-maker,ID,,,pending,,,Awaiting localized head term
photo-collage-maker,JP,,,pending,,,Awaiting localized head term
photo-collage-maker,KR,,,pending,,,Awaiting localized head term
photo-collage-maker,TH,,,pending,,,Awaiting localized head term
photo-collage-maker,TR,,,pending,,,Awaiting localized head term
photo-collage-maker,VN,,,pending,,,Awaiting localized head term
plagiarism-checker,BR,,,pending,,,Awaiting localized head term
plagiarism-checker,DE,,,pending,,,Awaiting localized head term
plagiarism-checker,ES,,,pending,,,Awaiting localized head term
plagiarism-checker,FR,,,pending,,,Awaiting localized head term
plagiarism-checker,ID,,,pending,,,Awaiting localized head term
plagiarism-checker,JP,,,pending,,,Awaiting localized head term
plagiarism-checker,KR,,,pending,,,Awaiting localized head term
plagiarism-checker,TH,,,pending,,,Awaiting localized head term
plagiarism-checker,TR,,,pending,,,Awaiting localized head term
plagiarism-checker,VN,,,pending,,,Awaiting localized head term
png-to-jpg-converter,BR,,,pending,,,Awaiting localized head term
png-to-jpg-converter,DE,,,pending,,,Awaiting localized head term
png-to-jpg-converter,ES,,,pending,,,Awaiting localized head term
png-to-jpg-converter,FR,,,pending,,,Awaiting localized head term
png-to-jpg-converter,ID,,,pending,,,Awaiting localized head term
png-to-jpg-converter,JP,,,pending,,,Awaiting localized head term
png-to-jpg-converter,KR,,,pending,,,Awaiting localized head term
png-to-jpg-converter,TH,,,pending,,,Awaiting localized head term
png-to-jpg-converter,TR,,,pending,,,Awaiting localized head term
png-to-jpg-converter,VN,,,pending,,,Awaiting localized head term
podcast-description-generator,BR,,,pending,,,Awaiting localized head term
podcast-description-generator,DE,,,pending,,,Awaiting localized head term
podcast-description-generator,ES,,,pending,,,Awaiting localized head term
podcast-description-generator,FR,,,pending,,,Awaiting localized head term
podcast-description-generator,ID,,,pending,,,Awaiting localized head term
podcast-description-generator,JP,,,pending,,,Awaiting localized head term
podcast-description-generator,KR,,,pending,,,Awaiting localized head term
podcast-description-generator,TH,,,pending,,,Awaiting localized head term
podcast-description-generator,TR,,,pending,,,Awaiting localized head term
podcast-description-generator,VN,,,pending,,,Awaiting localized head term
podcast-name-generator,BR,,,pending,,,Awaiting localized head term
podcast-name-generator,DE,,,pending,,,Awaiting localized head term
podcast-name-generator,ES,,,pending,,,Awaiting localized head term
podcast-name-generator,FR,,,pending,,,Awaiting localized head term
podcast-name-generator,ID,,,pending,,,Awaiting localized head term
podcast-name-generator,JP,,,pending,,,Awaiting localized head term
podcast-name-generator,KR,,,pending,,,Awaiting localized head term
podcast-name-generator,TH,,,pending,,,Awaiting localized head term
podcast-name-generator,TR,,,pending,,,Awaiting localized head term
podcast-name-generator,VN,,,pending,,,Awaiting localized head term
poem-generator,BR,,,pending,,,Awaiting localized head term
poem-generator,DE,,,pending,,,Awaiting localized head term
poem-generator,ES,,,pending,,,Awaiting localized head term
poem-generator,FR,,,pending,,,Awaiting localized head term
poem-generator,ID,,,pending,,,Awaiting localized head term
poem-generator,JP,,,pending,,,Awaiting localized head term
poem-generator,KR,,,pending,,,Awaiting localized head term
poem-generator,TH,,,pending,,,Awaiting localized head term
poem-generator,TR,,,pending,,,Awaiting localized head term
poem-generator,VN,,,pending,,,Awaiting localized head term
product-description-generator,BR,,,pending,,,Awaiting localized head term
product-description-generator,DE,,,pending,,,Awaiting localized head term
product-description-generator,ES,,,pending,,,Awaiting localized head term
product-description-generator,FR,,,pending,,,Awaiting localized head term
product-description-generator,ID,,,pending,,,Awaiting localized head term
product-description-generator,JP,,,pending,,,Awaiting localized head term
product-description-generator,KR,,,pending,,,Awaiting localized head term
product-description-generator,TH,,,pending,,,Awaiting localized head term
product-description-generator,TR,,,pending,,,Awaiting localized head term
product-description-generator,VN,,,pending,,,Awaiting localized head term
professional-bio-generator,BR,,,pending,,,Awaiting localized head term
professional-bio-generator,DE,,,pending,,,Awaiting localized head term
professional-bio-generator,ES,,,pending,,,Awaiting localized head term
professional-bio-generator,FR,,,pending,,,Awaiting localized head term
professional-bio-generator,ID,,,pending,,,Awaiting localized head term
professional-bio-generator,JP,,,pending,,,Awaiting localized head term
professional-bio-generator,KR,,,pending,,,Awaiting localized head term
professional-bio-generator,TH,,,pending,,,Awaiting localized head term
professional-bio-generator,TR,,,pending,,,Awaiting localized head term
professional-bio-generator,VN,,,pending,,,Awaiting localized head term
profit-margin-calculator,BR,,,pending,,,Awaiting localized head term
profit-margin-calculator,DE,,,pending,,,Awaiting localized head term
profit-margin-calculator,ES,,,pending,,,Awaiting localized head term
profit-margin-calculator,FR,,,pending,,,Awaiting localized head term
profit-margin-calculator,ID,,,pending,,,Awaiting localized head term
profit-margin-calculator,JP,,,pending,,,Awaiting localized head term
profit-margin-calculator,KR,,,pending,,,Awaiting localized head term
profit-margin-calculator,TH,,,pending,,,Awaiting localized head term
profit-margin-calculator,TR,,,pending,,,Awaiting localized head term
profit-margin-calculator,VN,,,pending,,,Awaiting localized head term
pto-calculator,BR,,,pending,,,Awaiting localized head term
pto-calculator,DE,,,pending,,,Awaiting localized head term
pto-calculator,ES,,,pending,,,Awaiting localized head term
pto-calculator,FR,,,pending,,,Awaiting localized head term
pto-calculator,ID,,,pending,,,Awaiting localized head term
pto-calculator,JP,,,pending,,,Awaiting localized head term
pto-calculator,KR,,,pending,,,Awaiting localized head term
pto-calculator,TH,,,pending,,,Awaiting localized head term
pto-calculator,TR,,,pending,,,Awaiting localized head term
pto-calculator,VN,,,pending,,,Awaiting localized head term
purchase-order-generator,BR,,,pending,,,Awaiting localized head term
purchase-order-generator,DE,,,pending,,,Awaiting localized head term
purchase-order-generator,ES,,,pending,,,Awaiting localized head term
purchase-order-generator,FR,,,pending,,,Awaiting localized head term
purchase-order-generator,ID,,,pending,,,Awaiting localized head term
purchase-order-generator,JP,,,pending,,,Awaiting localized head term
purchase-order-generator,KR,,,pending,,,Awaiting localized head term
purchase-order-generator,TH,,,pending,,,Awaiting localized head term
purchase-order-generator,TR,,,pending,,,Awaiting localized head term
purchase-order-generator,VN,,,pending,,,Awaiting localized head term
qr-code-generator,BR,gerador de QR Code,gerador de QR Code,serp_verified,public_serp_audit_20260717,2026-07-17T12:37:42Z,Core query reviewed in public SERP sample; native review still pending
qr-code-generator,DE,QR-Code erstellen,QR-Code erstellen,editor_reviewed,editorial_seed_20260717,,Requires native and SERP validation
qr-code-generator,ES,generador de código QR,generador de código QR,editor_reviewed,editorial_seed_20260717,,Requires native and SERP validation
qr-code-generator,FR,générateur de QR code,générateur de QR code,editor_reviewed,editorial_seed_20260717,,Requires native and SERP validation
qr-code-generator,ID,generator kode QR,generator kode QR,serp_verified,public_serp_audit_20260717,2026-07-17T12:37:42Z,Core query reviewed in public SERP sample; native review still pending
qr-code-generator,JP,QRコード 作成,QRコード 作成,serp_verified,public_serp_audit_20260717,2026-07-17T12:37:42Z,Core query reviewed in public SERP sample; native review still pending
qr-code-generator,KR,QR 코드 생성기,QR 코드 생성기,serp_verified,public_serp_audit_20260717,2026-07-17T12:37:42Z,Core query reviewed in public SERP sample; native review still pending
qr-code-generator,TH,สร้าง QR Code,สร้าง QR Code,editor_reviewed,editorial_seed_20260717,,Requires native and SERP validation
qr-code-generator,TR,QR kod oluşturucu,QR kod oluşturucu,editor_reviewed,editorial_seed_20260717,,Requires native and SERP validation
qr-code-generator,VN,tạo mã QR,tạo mã QR,serp_verified,public_serp_audit_20260717,2026-07-17T12:37:42Z,Core query reviewed in public SERP sample; native review still pending
quote-generator,BR,,,pending,,,Awaiting localized head term
quote-generator,DE,,,pending,,,Awaiting localized head term
quote-generator,ES,,,pending,,,Awaiting localized head term
quote-generator,FR,,,pending,,,Awaiting localized head term
quote-generator,ID,,,pending,,,Awaiting localized head term
quote-generator,JP,,,pending,,,Awaiting localized head term
quote-generator,KR,,,pending,,,Awaiting localized head term
quote-generator,TH,,,pending,,,Awaiting localized head term
quote-generator,TR,,,pending,,,Awaiting localized head term
quote-generator,VN,,,pending,,,Awaiting localized head term
random-comment-picker,BR,,,pending,,,Awaiting localized head term
random-comment-picker,DE,,,pending,,,Awaiting localized head term
random-comment-picker,ES,,,pending,,,Awaiting localized head term
random-comment-picker,FR,,,pending,,,Awaiting localized head term
random-comment-picker,ID,,,pending,,,Awaiting localized head term
random-comment-picker,JP,,,pending,,,Awaiting localized head term
random-comment-picker,KR,,,pending,,,Awaiting localized head term
random-comment-picker,TH,,,pending,,,Awaiting localized head term
random-comment-picker,TR,,,pending,,,Awaiting localized head term
random-comment-picker,VN,,,pending,,,Awaiting localized head term
random-number-generator,BR,,,pending,,,Awaiting localized head term
random-number-generator,DE,,,pending,,,Awaiting localized head term
random-number-generator,ES,,,pending,,,Awaiting localized head term
random-number-generator,FR,,,pending,,,Awaiting localized head term
random-number-generator,ID,,,pending,,,Awaiting localized head term
random-number-generator,JP,,,pending,,,Awaiting localized head term
random-number-generator,KR,,,pending,,,Awaiting localized head term
random-number-generator,TH,,,pending,,,Awaiting localized head term
random-number-generator,TR,,,pending,,,Awaiting localized head term
random-number-generator,VN,,,pending,,,Awaiting localized head term
ratio-calculator,BR,,,pending,,,Awaiting localized head term
ratio-calculator,DE,,,pending,,,Awaiting localized head term
ratio-calculator,ES,,,pending,,,Awaiting localized head term
ratio-calculator,FR,,,pending,,,Awaiting localized head term
ratio-calculator,ID,,,pending,,,Awaiting localized head term
ratio-calculator,JP,,,pending,,,Awaiting localized head term
ratio-calculator,KR,,,pending,,,Awaiting localized head term
ratio-calculator,TH,,,pending,,,Awaiting localized head term
ratio-calculator,TR,,,pending,,,Awaiting localized head term
ratio-calculator,VN,,,pending,,,Awaiting localized head term
receipt-generator,BR,,,pending,,,Awaiting localized head term
receipt-generator,DE,,,pending,,,Awaiting localized head term
receipt-generator,ES,,,pending,,,Awaiting localized head term
receipt-generator,FR,,,pending,,,Awaiting localized head term
receipt-generator,ID,,,pending,,,Awaiting localized head term
receipt-generator,JP,,,pending,,,Awaiting localized head term
receipt-generator,KR,,,pending,,,Awaiting localized head term
receipt-generator,TH,,,pending,,,Awaiting localized head term
receipt-generator,TR,,,pending,,,Awaiting localized head term
receipt-generator,VN,,,pending,,,Awaiting localized head term
redirect-checker,BR,,,pending,,,Awaiting localized head term
redirect-checker,DE,,,pending,,,Awaiting localized head term
redirect-checker,ES,,,pending,,,Awaiting localized head term
redirect-checker,FR,,,pending,,,Awaiting localized head term
redirect-checker,ID,,,pending,,,Awaiting localized head term
redirect-checker,JP,,,pending,,,Awaiting localized head term
redirect-checker,KR,,,pending,,,Awaiting localized head term
redirect-checker,TH,,,pending,,,Awaiting localized head term
redirect-checker,TR,,,pending,,,Awaiting localized head term
redirect-checker,VN,,,pending,,,Awaiting localized head term
reference-letter-generator,BR,,,pending,,,Awaiting localized head term
reference-letter-generator,DE,,,pending,,,Awaiting localized head term
reference-letter-generator,ES,,,pending,,,Awaiting localized head term
reference-letter-generator,FR,,,pending,,,Awaiting localized head term
reference-letter-generator,ID,,,pending,,,Awaiting localized head term
reference-letter-generator,JP,,,pending,,,Awaiting localized head term
reference-letter-generator,KR,,,pending,,,Awaiting localized head term
reference-letter-generator,TH,,,pending,,,Awaiting localized head term
reference-letter-generator,TR,,,pending,,,Awaiting localized head term
reference-letter-generator,VN,,,pending,,,Awaiting localized head term
regex-tester,BR,,,pending,,,Awaiting localized head term
regex-tester,DE,,,pending,,,Awaiting localized head term
regex-tester,ES,,,pending,,,Awaiting localized head term
regex-tester,FR,,,pending,,,Awaiting localized head term
regex-tester,ID,,,pending,,,Awaiting localized head term
regex-tester,JP,,,pending,,,Awaiting localized head term
regex-tester,KR,,,pending,,,Awaiting localized head term
regex-tester,TH,,,pending,,,Awaiting localized head term
regex-tester,TR,,,pending,,,Awaiting localized head term
regex-tester,VN,,,pending,,,Awaiting localized head term
resignation-letter-generator,BR,,,pending,,,Awaiting localized head term
resignation-letter-generator,DE,,,pending,,,Awaiting localized head term
resignation-letter-generator,ES,,,pending,,,Awaiting localized head term
resignation-letter-generator,FR,,,pending,,,Awaiting localized head term
resignation-letter-generator,ID,,,pending,,,Awaiting localized head term
resignation-letter-generator,JP,,,pending,,,Awaiting localized head term
resignation-letter-generator,KR,,,pending,,,Awaiting localized head term
resignation-letter-generator,TH,,,pending,,,Awaiting localized head term
resignation-letter-generator,TR,,,pending,,,Awaiting localized head term
resignation-letter-generator,VN,,,pending,,,Awaiting localized head term
resume-builder,BR,criador de currículo,criador de currículo,serp_verified,public_serp_audit_20260717,2026-07-17T12:37:42Z,Core query reviewed in public SERP sample; native review still pending
resume-builder,DE,Lebenslauf erstellen,Lebenslauf erstellen,editor_reviewed,editorial_seed_20260717,,Requires native and SERP validation
resume-builder,ES,creador de currículum,creador de currículum,editor_reviewed,editorial_seed_20260717,,Requires native and SERP validation
resume-builder,FR,créateur de CV,créateur de CV,editor_reviewed,editorial_seed_20260717,,Requires native and SERP validation
resume-builder,ID,pembuat CV,pembuat CV,serp_verified,public_serp_audit_20260717,2026-07-17T12:37:42Z,Core query reviewed in public SERP sample; native review still pending
resume-builder,JP,履歴書 作成,履歴書 作成,serp_verified,public_serp_audit_20260717,2026-07-17T12:37:42Z,Core query reviewed in public SERP sample; native review still pending
resume-builder,KR,이력서 작성,이력서 작성,serp_verified,public_serp_audit_20260717,2026-07-17T12:37:42Z,Core query reviewed in public SERP sample; native review still pending
resume-builder,TH,สร้างเรซูเม่,สร้างเรซูเม่,editor_reviewed,editorial_seed_20260717,,Requires native and SERP validation
resume-builder,TR,CV oluşturucu,CV oluşturucu,editor_reviewed,editorial_seed_20260717,,Requires native and SERP validation
resume-builder,VN,tạo CV,tạo CV,serp_verified,public_serp_audit_20260717,2026-07-17T12:37:42Z,Core query reviewed in public SERP sample; native review still pending
resume-bullet-generator,BR,,,pending,,,Awaiting localized head term
resume-bullet-generator,DE,,,pending,,,Awaiting localized head term
resume-bullet-generator,ES,,,pending,,,Awaiting localized head term
resume-bullet-generator,FR,,,pending,,,Awaiting localized head term
resume-bullet-generator,ID,,,pending,,,Awaiting localized head term
resume-bullet-generator,JP,,,pending,,,Awaiting localized head term
resume-bullet-generator,KR,,,pending,,,Awaiting localized head term
resume-bullet-generator,TH,,,pending,,,Awaiting localized head term
resume-bullet-generator,TR,,,pending,,,Awaiting localized head term
resume-bullet-generator,VN,,,pending,,,Awaiting localized head term
resume-summary-generator,BR,,,pending,,,Awaiting localized head term
resume-summary-generator,DE,,,pending,,,Awaiting localized head term
resume-summary-generator,ES,,,pending,,,Awaiting localized head term
resume-summary-generator,FR,,,pending,,,Awaiting localized head term
resume-summary-generator,ID,,,pending,,,Awaiting localized head term
resume-summary-generator,JP,,,pending,,,Awaiting localized head term
resume-summary-generator,KR,,,pending,,,Awaiting localized head term
resume-summary-generator,TH,,,pending,,,Awaiting localized head term
resume-summary-generator,TR,,,pending,,,Awaiting localized head term
resume-summary-generator,VN,,,pending,,,Awaiting localized head term
robots-txt-generator,BR,,,pending,,,Awaiting localized head term
robots-txt-generator,DE,,,pending,,,Awaiting localized head term
robots-txt-generator,ES,,,pending,,,Awaiting localized head term
robots-txt-generator,FR,,,pending,,,Awaiting localized head term
robots-txt-generator,ID,,,pending,,,Awaiting localized head term
robots-txt-generator,JP,,,pending,,,Awaiting localized head term
robots-txt-generator,KR,,,pending,,,Awaiting localized head term
robots-txt-generator,TH,,,pending,,,Awaiting localized head term
robots-txt-generator,TR,,,pending,,,Awaiting localized head term
robots-txt-generator,VN,,,pending,,,Awaiting localized head term
roi-calculator,BR,,,pending,,,Awaiting localized head term
roi-calculator,DE,,,pending,,,Awaiting localized head term
roi-calculator,ES,,,pending,,,Awaiting localized head term
roi-calculator,FR,,,pending,,,Awaiting localized head term
roi-calculator,ID,,,pending,,,Awaiting localized head term
roi-calculator,JP,,,pending,,,Awaiting localized head term
roi-calculator,KR,,,pending,,,Awaiting localized head term
roi-calculator,TH,,,pending,,,Awaiting localized head term
roi-calculator,TR,,,pending,,,Awaiting localized head term
roi-calculator,VN,,,pending,,,Awaiting localized head term
salary-calculator,BR,,,pending,,,Awaiting localized head term
salary-calculator,DE,,,pending,,,Awaiting localized head term
salary-calculator,ES,,,pending,,,Awaiting localized head term
salary-calculator,FR,,,pending,,,Awaiting localized head term
salary-calculator,ID,,,pending,,,Awaiting localized head term
salary-calculator,JP,,,pending,,,Awaiting localized head term
salary-calculator,KR,,,pending,,,Awaiting localized head term
salary-calculator,TH,,,pending,,,Awaiting localized head term
salary-calculator,TR,,,pending,,,Awaiting localized head term
salary-calculator,VN,,,pending,,,Awaiting localized head term
sales-tax-calculator,BR,,,pending,,,Awaiting localized head term
sales-tax-calculator,DE,,,pending,,,Awaiting localized head term
sales-tax-calculator,ES,,,pending,,,Awaiting localized head term
sales-tax-calculator,FR,,,pending,,,Awaiting localized head term
sales-tax-calculator,ID,,,pending,,,Awaiting localized head term
sales-tax-calculator,JP,,,pending,,,Awaiting localized head term
sales-tax-calculator,KR,,,pending,,,Awaiting localized head term
sales-tax-calculator,TH,,,pending,,,Awaiting localized head term
sales-tax-calculator,TR,,,pending,,,Awaiting localized head term
sales-tax-calculator,VN,,,pending,,,Awaiting localized head term
schema-markup-generator,BR,,,pending,,,Awaiting localized head term
schema-markup-generator,DE,,,pending,,,Awaiting localized head term
schema-markup-generator,ES,,,pending,,,Awaiting localized head term
schema-markup-generator,FR,,,pending,,,Awaiting localized head term
schema-markup-generator,ID,,,pending,,,Awaiting localized head term
schema-markup-generator,JP,,,pending,,,Awaiting localized head term
schema-markup-generator,KR,,,pending,,,Awaiting localized head term
schema-markup-generator,TH,,,pending,,,Awaiting localized head term
schema-markup-generator,TR,,,pending,,,Awaiting localized head term
schema-markup-generator,VN,,,pending,,,Awaiting localized head term
screen-recorder,BR,,,pending,,,Awaiting localized head term
screen-recorder,DE,,,pending,,,Awaiting localized head term
screen-recorder,ES,,,pending,,,Awaiting localized head term
screen-recorder,FR,,,pending,,,Awaiting localized head term
screen-recorder,ID,,,pending,,,Awaiting localized head term
screen-recorder,JP,,,pending,,,Awaiting localized head term
screen-recorder,KR,,,pending,,,Awaiting localized head term
screen-recorder,TH,,,pending,,,Awaiting localized head term
screen-recorder,TR,,,pending,,,Awaiting localized head term
screen-recorder,VN,,,pending,,,Awaiting localized head term
screenshot-beautifier,BR,,,pending,,,Awaiting localized head term
screenshot-beautifier,DE,,,pending,,,Awaiting localized head term
screenshot-beautifier,ES,,,pending,,,Awaiting localized head term
screenshot-beautifier,FR,,,pending,,,Awaiting localized head term
screenshot-beautifier,ID,,,pending,,,Awaiting localized head term
screenshot-beautifier,JP,,,pending,,,Awaiting localized head term
screenshot-beautifier,KR,,,pending,,,Awaiting localized head term
screenshot-beautifier,TH,,,pending,,,Awaiting localized head term
screenshot-beautifier,TR,,,pending,,,Awaiting localized head term
screenshot-beautifier,VN,,,pending,,,Awaiting localized head term
sentence-rewriter,BR,,,pending,,,Awaiting localized head term
sentence-rewriter,DE,,,pending,,,Awaiting localized head term
sentence-rewriter,ES,,,pending,,,Awaiting localized head term
sentence-rewriter,FR,,,pending,,,Awaiting localized head term
sentence-rewriter,ID,,,pending,,,Awaiting localized head term
sentence-rewriter,JP,,,pending,,,Awaiting localized head term
sentence-rewriter,KR,,,pending,,,Awaiting localized head term
sentence-rewriter,TH,,,pending,,,Awaiting localized head term
sentence-rewriter,TR,,,pending,,,Awaiting localized head term
sentence-rewriter,VN,,,pending,,,Awaiting localized head term
serp-preview-tool,BR,,,pending,,,Awaiting localized head term
serp-preview-tool,DE,,,pending,,,Awaiting localized head term
serp-preview-tool,ES,,,pending,,,Awaiting localized head term
serp-preview-tool,FR,,,pending,,,Awaiting localized head term
serp-preview-tool,ID,,,pending,,,Awaiting localized head term
serp-preview-tool,JP,,,pending,,,Awaiting localized head term
serp-preview-tool,KR,,,pending,,,Awaiting localized head term
serp-preview-tool,TH,,,pending,,,Awaiting localized head term
serp-preview-tool,TR,,,pending,,,Awaiting localized head term
serp-preview-tool,VN,,,pending,,,Awaiting localized head term
short-link-generator,BR,,,pending,,,Awaiting localized head term
short-link-generator,DE,,,pending,,,Awaiting localized head term
short-link-generator,ES,,,pending,,,Awaiting localized head term
short-link-generator,FR,,,pending,,,Awaiting localized head term
short-link-generator,ID,,,pending,,,Awaiting localized head term
short-link-generator,JP,,,pending,,,Awaiting localized head term
short-link-generator,KR,,,pending,,,Awaiting localized head term
short-link-generator,TH,,,pending,,,Awaiting localized head term
short-link-generator,TR,,,pending,,,Awaiting localized head term
short-link-generator,VN,,,pending,,,Awaiting localized head term
sitemap-generator,BR,,,pending,,,Awaiting localized head term
sitemap-generator,DE,,,pending,,,Awaiting localized head term
sitemap-generator,ES,,,pending,,,Awaiting localized head term
sitemap-generator,FR,,,pending,,,Awaiting localized head term
sitemap-generator,ID,,,pending,,,Awaiting localized head term
sitemap-generator,JP,,,pending,,,Awaiting localized head term
sitemap-generator,KR,,,pending,,,Awaiting localized head term
sitemap-generator,TH,,,pending,,,Awaiting localized head term
sitemap-generator,TR,,,pending,,,Awaiting localized head term
sitemap-generator,VN,,,pending,,,Awaiting localized head term
social-media-calendar-generator,BR,,,pending,,,Awaiting localized head term
social-media-calendar-generator,DE,,,pending,,,Awaiting localized head term
social-media-calendar-generator,ES,,,pending,,,Awaiting localized head term
social-media-calendar-generator,FR,,,pending,,,Awaiting localized head term
social-media-calendar-generator,ID,,,pending,,,Awaiting localized head term
social-media-calendar-generator,JP,,,pending,,,Awaiting localized head term
social-media-calendar-generator,KR,,,pending,,,Awaiting localized head term
social-media-calendar-generator,TH,,,pending,,,Awaiting localized head term
social-media-calendar-generator,TR,,,pending,,,Awaiting localized head term
social-media-calendar-generator,VN,,,pending,,,Awaiting localized head term
speed-converter,BR,,,pending,,,Awaiting localized head term
speed-converter,DE,,,pending,,,Awaiting localized head term
speed-converter,ES,,,pending,,,Awaiting localized head term
speed-converter,FR,,,pending,,,Awaiting localized head term
speed-converter,ID,,,pending,,,Awaiting localized head term
speed-converter,JP,,,pending,,,Awaiting localized head term
speed-converter,KR,,,pending,,,Awaiting localized head term
speed-converter,TH,,,pending,,,Awaiting localized head term
speed-converter,TR,,,pending,,,Awaiting localized head term
speed-converter,VN,,,pending,,,Awaiting localized head term
spell-checker,BR,,,pending,,,Awaiting localized head term
spell-checker,DE,,,pending,,,Awaiting localized head term
spell-checker,ES,,,pending,,,Awaiting localized head term
spell-checker,FR,,,pending,,,Awaiting localized head term
spell-checker,ID,,,pending,,,Awaiting localized head term
spell-checker,JP,,,pending,,,Awaiting localized head term
spell-checker,KR,,,pending,,,Awaiting localized head term
spell-checker,TH,,,pending,,,Awaiting localized head term
spell-checker,TR,,,pending,,,Awaiting localized head term
spell-checker,VN,,,pending,,,Awaiting localized head term
sql-formatter,BR,,,pending,,,Awaiting localized head term
sql-formatter,DE,,,pending,,,Awaiting localized head term
sql-formatter,ES,,,pending,,,Awaiting localized head term
sql-formatter,FR,,,pending,,,Awaiting localized head term
sql-formatter,ID,,,pending,,,Awaiting localized head term
sql-formatter,JP,,,pending,,,Awaiting localized head term
sql-formatter,KR,,,pending,,,Awaiting localized head term
sql-formatter,TH,,,pending,,,Awaiting localized head term
sql-formatter,TR,,,pending,,,Awaiting localized head term
sql-formatter,VN,,,pending,,,Awaiting localized head term
story-generator,BR,,,pending,,,Awaiting localized head term
story-generator,DE,,,pending,,,Awaiting localized head term
story-generator,ES,,,pending,,,Awaiting localized head term
story-generator,FR,,,pending,,,Awaiting localized head term
story-generator,ID,,,pending,,,Awaiting localized head term
story-generator,JP,,,pending,,,Awaiting localized head term
story-generator,KR,,,pending,,,Awaiting localized head term
story-generator,TH,,,pending,,,Awaiting localized head term
story-generator,TR,,,pending,,,Awaiting localized head term
story-generator,VN,,,pending,,,Awaiting localized head term
stripe-fee-calculator,BR,,,pending,,,Awaiting localized head term
stripe-fee-calculator,DE,,,pending,,,Awaiting localized head term
stripe-fee-calculator,ES,,,pending,,,Awaiting localized head term
stripe-fee-calculator,FR,,,pending,,,Awaiting localized head term
stripe-fee-calculator,ID,,,pending,,,Awaiting localized head term
stripe-fee-calculator,JP,,,pending,,,Awaiting localized head term
stripe-fee-calculator,KR,,,pending,,,Awaiting localized head term
stripe-fee-calculator,TH,,,pending,,,Awaiting localized head term
stripe-fee-calculator,TR,,,pending,,,Awaiting localized head term
stripe-fee-calculator,VN,,,pending,,,Awaiting localized head term
subtitle-converter,BR,,,pending,,,Awaiting localized head term
subtitle-converter,DE,,,pending,,,Awaiting localized head term
subtitle-converter,ES,,,pending,,,Awaiting localized head term
subtitle-converter,FR,,,pending,,,Awaiting localized head term
subtitle-converter,ID,,,pending,,,Awaiting localized head term
subtitle-converter,JP,,,pending,,,Awaiting localized head term
subtitle-converter,KR,,,pending,,,Awaiting localized head term
subtitle-converter,TH,,,pending,,,Awaiting localized head term
subtitle-converter,TR,,,pending,,,Awaiting localized head term
subtitle-converter,VN,,,pending,,,Awaiting localized head term
subtitle-generator,BR,,,pending,,,Awaiting localized head term
subtitle-generator,DE,,,pending,,,Awaiting localized head term
subtitle-generator,ES,,,pending,,,Awaiting localized head term
subtitle-generator,FR,,,pending,,,Awaiting localized head term
subtitle-generator,ID,,,pending,,,Awaiting localized head term
subtitle-generator,JP,,,pending,,,Awaiting localized head term
subtitle-generator,KR,,,pending,,,Awaiting localized head term
subtitle-generator,TH,,,pending,,,Awaiting localized head term
subtitle-generator,TR,,,pending,,,Awaiting localized head term
subtitle-generator,VN,,,pending,,,Awaiting localized head term
svg-converter,BR,,,pending,,,Awaiting localized head term
svg-converter,DE,,,pending,,,Awaiting localized head term
svg-converter,ES,,,pending,,,Awaiting localized head term
svg-converter,FR,,,pending,,,Awaiting localized head term
svg-converter,ID,,,pending,,,Awaiting localized head term
svg-converter,JP,,,pending,,,Awaiting localized head term
svg-converter,KR,,,pending,,,Awaiting localized head term
svg-converter,TH,,,pending,,,Awaiting localized head term
svg-converter,TR,,,pending,,,Awaiting localized head term
svg-converter,VN,,,pending,,,Awaiting localized head term
swift-code-checker,BR,,,pending,,,Awaiting localized head term
swift-code-checker,DE,,,pending,,,Awaiting localized head term
swift-code-checker,ES,,,pending,,,Awaiting localized head term
swift-code-checker,FR,,,pending,,,Awaiting localized head term
swift-code-checker,ID,,,pending,,,Awaiting localized head term
swift-code-checker,JP,,,pending,,,Awaiting localized head term
swift-code-checker,KR,,,pending,,,Awaiting localized head term
swift-code-checker,TH,,,pending,,,Awaiting localized head term
swift-code-checker,TR,,,pending,,,Awaiting localized head term
swift-code-checker,VN,,,pending,,,Awaiting localized head term
teleprompter,BR,,,pending,,,Awaiting localized head term
teleprompter,DE,,,pending,,,Awaiting localized head term
teleprompter,ES,,,pending,,,Awaiting localized head term
teleprompter,FR,,,pending,,,Awaiting localized head term
teleprompter,ID,,,pending,,,Awaiting localized head term
teleprompter,JP,,,pending,,,Awaiting localized head term
teleprompter,KR,,,pending,,,Awaiting localized head term
teleprompter,TH,,,pending,,,Awaiting localized head term
teleprompter,TR,,,pending,,,Awaiting localized head term
teleprompter,VN,,,pending,,,Awaiting localized head term
temperature-converter,BR,,,pending,,,Awaiting localized head term
temperature-converter,DE,,,pending,,,Awaiting localized head term
temperature-converter,ES,,,pending,,,Awaiting localized head term
temperature-converter,FR,,,pending,,,Awaiting localized head term
temperature-converter,ID,,,pending,,,Awaiting localized head term
temperature-converter,JP,,,pending,,,Awaiting localized head term
temperature-converter,KR,,,pending,,,Awaiting localized head term
temperature-converter,TH,,,pending,,,Awaiting localized head term
temperature-converter,TR,,,pending,,,Awaiting localized head term
temperature-converter,VN,,,pending,,,Awaiting localized head term
text-expander,BR,,,pending,,,Awaiting localized head term
text-expander,DE,,,pending,,,Awaiting localized head term
text-expander,ES,,,pending,,,Awaiting localized head term
text-expander,FR,,,pending,,,Awaiting localized head term
text-expander,ID,,,pending,,,Awaiting localized head term
text-expander,JP,,,pending,,,Awaiting localized head term
text-expander,KR,,,pending,,,Awaiting localized head term
text-expander,TH,,,pending,,,Awaiting localized head term
text-expander,TR,,,pending,,,Awaiting localized head term
text-expander,VN,,,pending,,,Awaiting localized head term
text-shortener,BR,,,pending,,,Awaiting localized head term
text-shortener,DE,,,pending,,,Awaiting localized head term
text-shortener,ES,,,pending,,,Awaiting localized head term
text-shortener,FR,,,pending,,,Awaiting localized head term
text-shortener,ID,,,pending,,,Awaiting localized head term
text-shortener,JP,,,pending,,,Awaiting localized head term
text-shortener,KR,,,pending,,,Awaiting localized head term
text-shortener,TH,,,pending,,,Awaiting localized head term
text-shortener,TR,,,pending,,,Awaiting localized head term
text-shortener,VN,,,pending,,,Awaiting localized head term
text-summarizer,BR,,,pending,,,Awaiting localized head term
text-summarizer,DE,,,pending,,,Awaiting localized head term
text-summarizer,ES,,,pending,,,Awaiting localized head term
text-summarizer,FR,,,pending,,,Awaiting localized head term
text-summarizer,ID,,,pending,,,Awaiting localized head term
text-summarizer,JP,,,pending,,,Awaiting localized head term
text-summarizer,KR,,,pending,,,Awaiting localized head term
text-summarizer,TH,,,pending,,,Awaiting localized head term
text-summarizer,TR,,,pending,,,Awaiting localized head term
text-summarizer,VN,,,pending,,,Awaiting localized head term
tiktok-caption-generator,BR,,,pending,,,Awaiting localized head term
tiktok-caption-generator,DE,,,pending,,,Awaiting localized head term
tiktok-caption-generator,ES,,,pending,,,Awaiting localized head term
tiktok-caption-generator,FR,,,pending,,,Awaiting localized head term
tiktok-caption-generator,ID,,,pending,,,Awaiting localized head term
tiktok-caption-generator,JP,,,pending,,,Awaiting localized head term
tiktok-caption-generator,KR,,,pending,,,Awaiting localized head term
tiktok-caption-generator,TH,,,pending,,,Awaiting localized head term
tiktok-caption-generator,TR,,,pending,,,Awaiting localized head term
tiktok-caption-generator,VN,,,pending,,,Awaiting localized head term
time-zone-converter,BR,,,pending,,,Awaiting localized head term
time-zone-converter,DE,,,pending,,,Awaiting localized head term
time-zone-converter,ES,,,pending,,,Awaiting localized head term
time-zone-converter,FR,,,pending,,,Awaiting localized head term
time-zone-converter,ID,,,pending,,,Awaiting localized head term
time-zone-converter,JP,,,pending,,,Awaiting localized head term
time-zone-converter,KR,,,pending,,,Awaiting localized head term
time-zone-converter,TH,,,pending,,,Awaiting localized head term
time-zone-converter,TR,,,pending,,,Awaiting localized head term
time-zone-converter,VN,,,pending,,,Awaiting localized head term
timesheet-calculator,BR,,,pending,,,Awaiting localized head term
timesheet-calculator,DE,,,pending,,,Awaiting localized head term
timesheet-calculator,ES,,,pending,,,Awaiting localized head term
timesheet-calculator,FR,,,pending,,,Awaiting localized head term
timesheet-calculator,ID,,,pending,,,Awaiting localized head term
timesheet-calculator,JP,,,pending,,,Awaiting localized head term
timesheet-calculator,KR,,,pending,,,Awaiting localized head term
timesheet-calculator,TH,,,pending,,,Awaiting localized head term
timesheet-calculator,TR,,,pending,,,Awaiting localized head term
timesheet-calculator,VN,,,pending,,,Awaiting localized head term
timestamp-converter,BR,,,pending,,,Awaiting localized head term
timestamp-converter,DE,,,pending,,,Awaiting localized head term
timestamp-converter,ES,,,pending,,,Awaiting localized head term
timestamp-converter,FR,,,pending,,,Awaiting localized head term
timestamp-converter,ID,,,pending,,,Awaiting localized head term
timestamp-converter,JP,,,pending,,,Awaiting localized head term
timestamp-converter,KR,,,pending,,,Awaiting localized head term
timestamp-converter,TH,,,pending,,,Awaiting localized head term
timestamp-converter,TR,,,pending,,,Awaiting localized head term
timestamp-converter,VN,,,pending,,,Awaiting localized head term
tip-calculator,BR,,,pending,,,Awaiting localized head term
tip-calculator,DE,,,pending,,,Awaiting localized head term
tip-calculator,ES,,,pending,,,Awaiting localized head term
tip-calculator,FR,,,pending,,,Awaiting localized head term
tip-calculator,ID,,,pending,,,Awaiting localized head term
tip-calculator,JP,,,pending,,,Awaiting localized head term
tip-calculator,KR,,,pending,,,Awaiting localized head term
tip-calculator,TH,,,pending,,,Awaiting localized head term
tip-calculator,TR,,,pending,,,Awaiting localized head term
tip-calculator,VN,,,pending,,,Awaiting localized head term
tone-changer,BR,,,pending,,,Awaiting localized head term
tone-changer,DE,,,pending,,,Awaiting localized head term
tone-changer,ES,,,pending,,,Awaiting localized head term
tone-changer,FR,,,pending,,,Awaiting localized head term
tone-changer,ID,,,pending,,,Awaiting localized head term
tone-changer,JP,,,pending,,,Awaiting localized head term
tone-changer,KR,,,pending,,,Awaiting localized head term
tone-changer,TH,,,pending,,,Awaiting localized head term
tone-changer,TR,,,pending,,,Awaiting localized head term
tone-changer,VN,,,pending,,,Awaiting localized head term
tweet-generator,BR,,,pending,,,Awaiting localized head term
tweet-generator,DE,,,pending,,,Awaiting localized head term
tweet-generator,ES,,,pending,,,Awaiting localized head term
tweet-generator,FR,,,pending,,,Awaiting localized head term
tweet-generator,ID,,,pending,,,Awaiting localized head term
tweet-generator,JP,,,pending,,,Awaiting localized head term
tweet-generator,KR,,,pending,,,Awaiting localized head term
tweet-generator,TH,,,pending,,,Awaiting localized head term
tweet-generator,TR,,,pending,,,Awaiting localized head term
tweet-generator,VN,,,pending,,,Awaiting localized head term
twitter-card-generator,BR,,,pending,,,Awaiting localized head term
twitter-card-generator,DE,,,pending,,,Awaiting localized head term
twitter-card-generator,ES,,,pending,,,Awaiting localized head term
twitter-card-generator,FR,,,pending,,,Awaiting localized head term
twitter-card-generator,ID,,,pending,,,Awaiting localized head term
twitter-card-generator,JP,,,pending,,,Awaiting localized head term
twitter-card-generator,KR,,,pending,,,Awaiting localized head term
twitter-card-generator,TH,,,pending,,,Awaiting localized head term
twitter-card-generator,TR,,,pending,,,Awaiting localized head term
twitter-card-generator,VN,,,pending,,,Awaiting localized head term
unicode-text-converter,BR,,,pending,,,Awaiting localized head term
unicode-text-converter,DE,,,pending,,,Awaiting localized head term
unicode-text-converter,ES,,,pending,,,Awaiting localized head term
unicode-text-converter,FR,,,pending,,,Awaiting localized head term
unicode-text-converter,ID,,,pending,,,Awaiting localized head term
unicode-text-converter,JP,,,pending,,,Awaiting localized head term
unicode-text-converter,KR,,,pending,,,Awaiting localized head term
unicode-text-converter,TH,,,pending,,,Awaiting localized head term
unicode-text-converter,TR,,,pending,,,Awaiting localized head term
unicode-text-converter,VN,,,pending,,,Awaiting localized head term
unit-converter,BR,,,pending,,,Awaiting localized head term
unit-converter,DE,,,pending,,,Awaiting localized head term
unit-converter,ES,,,pending,,,Awaiting localized head term
unit-converter,FR,,,pending,,,Awaiting localized head term
unit-converter,ID,,,pending,,,Awaiting localized head term
unit-converter,JP,,,pending,,,Awaiting localized head term
unit-converter,KR,,,pending,,,Awaiting localized head term
unit-converter,TH,,,pending,,,Awaiting localized head term
unit-converter,TR,,,pending,,,Awaiting localized head term
unit-converter,VN,,,pending,,,Awaiting localized head term
url-encoder-decoder,BR,,,pending,,,Awaiting localized head term
url-encoder-decoder,DE,,,pending,,,Awaiting localized head term
url-encoder-decoder,ES,,,pending,,,Awaiting localized head term
url-encoder-decoder,FR,,,pending,,,Awaiting localized head term
url-encoder-decoder,ID,,,pending,,,Awaiting localized head term
url-encoder-decoder,JP,,,pending,,,Awaiting localized head term
url-encoder-decoder,KR,,,pending,,,Awaiting localized head term
url-encoder-decoder,TH,,,pending,,,Awaiting localized head term
url-encoder-decoder,TR,,,pending,,,Awaiting localized head term
url-encoder-decoder,VN,,,pending,,,Awaiting localized head term
utm-builder,BR,,,pending,,,Awaiting localized head term
utm-builder,DE,,,pending,,,Awaiting localized head term
utm-builder,ES,,,pending,,,Awaiting localized head term
utm-builder,FR,,,pending,,,Awaiting localized head term
utm-builder,ID,,,pending,,,Awaiting localized head term
utm-builder,JP,,,pending,,,Awaiting localized head term
utm-builder,KR,,,pending,,,Awaiting localized head term
utm-builder,TH,,,pending,,,Awaiting localized head term
utm-builder,TR,,,pending,,,Awaiting localized head term
utm-builder,VN,,,pending,,,Awaiting localized head term
uuid-generator,BR,,,pending,,,Awaiting localized head term
uuid-generator,DE,,,pending,,,Awaiting localized head term
uuid-generator,ES,,,pending,,,Awaiting localized head term
uuid-generator,FR,,,pending,,,Awaiting localized head term
uuid-generator,ID,,,pending,,,Awaiting localized head term
uuid-generator,JP,,,pending,,,Awaiting localized head term
uuid-generator,KR,,,pending,,,Awaiting localized head term
uuid-generator,TH,,,pending,,,Awaiting localized head term
uuid-generator,TR,,,pending,,,Awaiting localized head term
uuid-generator,VN,,,pending,,,Awaiting localized head term
vat-calculator,BR,,,pending,,,Awaiting localized head term
vat-calculator,DE,,,pending,,,Awaiting localized head term
vat-calculator,ES,,,pending,,,Awaiting localized head term
vat-calculator,FR,,,pending,,,Awaiting localized head term
vat-calculator,ID,,,pending,,,Awaiting localized head term
vat-calculator,JP,,,pending,,,Awaiting localized head term
vat-calculator,KR,,,pending,,,Awaiting localized head term
vat-calculator,TH,,,pending,,,Awaiting localized head term
vat-calculator,TR,,,pending,,,Awaiting localized head term
vat-calculator,VN,,,pending,,,Awaiting localized head term
video-compressor,BR,,,pending,,,Awaiting localized head term
video-compressor,DE,,,pending,,,Awaiting localized head term
video-compressor,ES,,,pending,,,Awaiting localized head term
video-compressor,FR,,,pending,,,Awaiting localized head term
video-compressor,ID,,,pending,,,Awaiting localized head term
video-compressor,JP,,,pending,,,Awaiting localized head term
video-compressor,KR,,,pending,,,Awaiting localized head term
video-compressor,TH,,,pending,,,Awaiting localized head term
video-compressor,TR,,,pending,,,Awaiting localized head term
video-compressor,VN,,,pending,,,Awaiting localized head term
video-merger,BR,,,pending,,,Awaiting localized head term
video-merger,DE,,,pending,,,Awaiting localized head term
video-merger,ES,,,pending,,,Awaiting localized head term
video-merger,FR,,,pending,,,Awaiting localized head term
video-merger,ID,,,pending,,,Awaiting localized head term
video-merger,JP,,,pending,,,Awaiting localized head term
video-merger,KR,,,pending,,,Awaiting localized head term
video-merger,TH,,,pending,,,Awaiting localized head term
video-merger,TR,,,pending,,,Awaiting localized head term
video-merger,VN,,,pending,,,Awaiting localized head term
video-to-gif-converter,BR,,,pending,,,Awaiting localized head term
video-to-gif-converter,DE,,,pending,,,Awaiting localized head term
video-to-gif-converter,ES,,,pending,,,Awaiting localized head term
video-to-gif-converter,FR,,,pending,,,Awaiting localized head term
video-to-gif-converter,ID,,,pending,,,Awaiting localized head term
video-to-gif-converter,JP,,,pending,,,Awaiting localized head term
video-to-gif-converter,KR,,,pending,,,Awaiting localized head term
video-to-gif-converter,TH,,,pending,,,Awaiting localized head term
video-to-gif-converter,TR,,,pending,,,Awaiting localized head term
video-to-gif-converter,VN,,,pending,,,Awaiting localized head term
video-to-mp3-converter,BR,,,pending,,,Awaiting localized head term
video-to-mp3-converter,DE,,,pending,,,Awaiting localized head term
video-to-mp3-converter,ES,,,pending,,,Awaiting localized head term
video-to-mp3-converter,FR,,,pending,,,Awaiting localized head term
video-to-mp3-converter,ID,,,pending,,,Awaiting localized head term
video-to-mp3-converter,JP,,,pending,,,Awaiting localized head term
video-to-mp3-converter,KR,,,pending,,,Awaiting localized head term
video-to-mp3-converter,TH,,,pending,,,Awaiting localized head term
video-to-mp3-converter,TR,,,pending,,,Awaiting localized head term
video-to-mp3-converter,VN,,,pending,,,Awaiting localized head term
video-trimmer,BR,,,pending,,,Awaiting localized head term
video-trimmer,DE,,,pending,,,Awaiting localized head term
video-trimmer,ES,,,pending,,,Awaiting localized head term
video-trimmer,FR,,,pending,,,Awaiting localized head term
video-trimmer,ID,,,pending,,,Awaiting localized head term
video-trimmer,JP,,,pending,,,Awaiting localized head term
video-trimmer,KR,,,pending,,,Awaiting localized head term
video-trimmer,TH,,,pending,,,Awaiting localized head term
video-trimmer,TR,,,pending,,,Awaiting localized head term
video-trimmer,VN,,,pending,,,Awaiting localized head term
voice-recorder,BR,,,pending,,,Awaiting localized head term
voice-recorder,DE,,,pending,,,Awaiting localized head term
voice-recorder,ES,,,pending,,,Awaiting localized head term
voice-recorder,FR,,,pending,,,Awaiting localized head term
voice-recorder,ID,,,pending,,,Awaiting localized head term
voice-recorder,JP,,,pending,,,Awaiting localized head term
voice-recorder,KR,,,pending,,,Awaiting localized head term
voice-recorder,TH,,,pending,,,Awaiting localized head term
voice-recorder,TR,,,pending,,,Awaiting localized head term
voice-recorder,VN,,,pending,,,Awaiting localized head term
volume-converter,BR,,,pending,,,Awaiting localized head term
volume-converter,DE,,,pending,,,Awaiting localized head term
volume-converter,ES,,,pending,,,Awaiting localized head term
volume-converter,FR,,,pending,,,Awaiting localized head term
volume-converter,ID,,,pending,,,Awaiting localized head term
volume-converter,JP,,,pending,,,Awaiting localized head term
volume-converter,KR,,,pending,,,Awaiting localized head term
volume-converter,TH,,,pending,,,Awaiting localized head term
volume-converter,TR,,,pending,,,Awaiting localized head term
volume-converter,VN,,,pending,,,Awaiting localized head term
wav-to-mp3-converter,BR,,,pending,,,Awaiting localized head term
wav-to-mp3-converter,DE,,,pending,,,Awaiting localized head term
wav-to-mp3-converter,ES,,,pending,,,Awaiting localized head term
wav-to-mp3-converter,FR,,,pending,,,Awaiting localized head term
wav-to-mp3-converter,ID,,,pending,,,Awaiting localized head term
wav-to-mp3-converter,JP,,,pending,,,Awaiting localized head term
wav-to-mp3-converter,KR,,,pending,,,Awaiting localized head term
wav-to-mp3-converter,TH,,,pending,,,Awaiting localized head term
wav-to-mp3-converter,TR,,,pending,,,Awaiting localized head term
wav-to-mp3-converter,VN,,,pending,,,Awaiting localized head term
webcam-recorder,BR,,,pending,,,Awaiting localized head term
webcam-recorder,DE,,,pending,,,Awaiting localized head term
webcam-recorder,ES,,,pending,,,Awaiting localized head term
webcam-recorder,FR,,,pending,,,Awaiting localized head term
webcam-recorder,ID,,,pending,,,Awaiting localized head term
webcam-recorder,JP,,,pending,,,Awaiting localized head term
webcam-recorder,KR,,,pending,,,Awaiting localized head term
webcam-recorder,TH,,,pending,,,Awaiting localized head term
webcam-recorder,TR,,,pending,,,Awaiting localized head term
webcam-recorder,VN,,,pending,,,Awaiting localized head term
webp-converter,BR,,,pending,,,Awaiting localized head term
webp-converter,DE,,,pending,,,Awaiting localized head term
webp-converter,ES,,,pending,,,Awaiting localized head term
webp-converter,FR,,,pending,,,Awaiting localized head term
webp-converter,ID,,,pending,,,Awaiting localized head term
webp-converter,JP,,,pending,,,Awaiting localized head term
webp-converter,KR,,,pending,,,Awaiting localized head term
webp-converter,TH,,,pending,,,Awaiting localized head term
webp-converter,TR,,,pending,,,Awaiting localized head term
webp-converter,VN,,,pending,,,Awaiting localized head term
weight-converter,BR,,,pending,,,Awaiting localized head term
weight-converter,DE,,,pending,,,Awaiting localized head term
weight-converter,ES,,,pending,,,Awaiting localized head term
weight-converter,FR,,,pending,,,Awaiting localized head term
weight-converter,ID,,,pending,,,Awaiting localized head term
weight-converter,JP,,,pending,,,Awaiting localized head term
weight-converter,KR,,,pending,,,Awaiting localized head term
weight-converter,TH,,,pending,,,Awaiting localized head term
weight-converter,TR,,,pending,,,Awaiting localized head term
weight-converter,VN,,,pending,,,Awaiting localized head term
whatsapp-link-generator,BR,gerador de link WhatsApp,gerador de link WhatsApp,serp_verified,public_serp_audit_20260717,2026-07-17T12:37:42Z,Core query reviewed in public SERP sample; native review still pending
whatsapp-link-generator,DE,WhatsApp Link erstellen,WhatsApp Link erstellen,editor_reviewed,editorial_seed_20260717,,Requires native and SERP validation
whatsapp-link-generator,ES,generador de enlace WhatsApp,generador de enlace WhatsApp,editor_reviewed,editorial_seed_20260717,,Requires native and SERP validation
whatsapp-link-generator,FR,générateur de lien WhatsApp,générateur de lien WhatsApp,editor_reviewed,editorial_seed_20260717,,Requires native and SERP validation
whatsapp-link-generator,ID,buat link WhatsApp,buat link WhatsApp,serp_verified,public_serp_audit_20260717,2026-07-17T12:37:42Z,Core query reviewed in public SERP sample; native review still pending
whatsapp-link-generator,JP,WhatsApp リンク 作成,WhatsApp リンク 作成,rejected,public_serp_audit_20260717,2026-07-17T12:37:42Z,Core query rejected after public SERP intent review
whatsapp-link-generator,KR,WhatsApp 링크 생성,WhatsApp 링크 생성,rejected,public_serp_audit_20260717,2026-07-17T12:37:42Z,Core query rejected after public SERP intent review
whatsapp-link-generator,TH,สร้างลิงก์ WhatsApp,สร้างลิงก์ WhatsApp,editor_reviewed,editorial_seed_20260717,,Requires native and SERP validation
whatsapp-link-generator,TR,WhatsApp link oluşturucu,WhatsApp link oluşturucu,editor_reviewed,editorial_seed_20260717,,Requires native and SERP validation
whatsapp-link-generator,VN,tạo link WhatsApp,tạo link WhatsApp,rejected,public_serp_audit_20260717,2026-07-17T12:37:42Z,Core query rejected after public SERP intent review
whatsapp-qr-generator,BR,,,pending,,,Awaiting localized head term
whatsapp-qr-generator,DE,,,pending,,,Awaiting localized head term
whatsapp-qr-generator,ES,,,pending,,,Awaiting localized head term
whatsapp-qr-generator,FR,,,pending,,,Awaiting localized head term
whatsapp-qr-generator,ID,,,pending,,,Awaiting localized head term
whatsapp-qr-generator,JP,,,pending,,,Awaiting localized head term
whatsapp-qr-generator,KR,,,pending,,,Awaiting localized head term
whatsapp-qr-generator,TH,,,pending,,,Awaiting localized head term
whatsapp-qr-generator,TR,,,pending,,,Awaiting localized head term
whatsapp-qr-generator,VN,,,pending,,,Awaiting localized head term
whois-lookup-tool,BR,,,pending,,,Awaiting localized head term
whois-lookup-tool,DE,,,pending,,,Awaiting localized head term
whois-lookup-tool,ES,,,pending,,,Awaiting localized head term
whois-lookup-tool,FR,,,pending,,,Awaiting localized head term
whois-lookup-tool,ID,,,pending,,,Awaiting localized head term
whois-lookup-tool,JP,,,pending,,,Awaiting localized head term
whois-lookup-tool,KR,,,pending,,,Awaiting localized head term
whois-lookup-tool,TH,,,pending,,,Awaiting localized head term
whois-lookup-tool,TR,,,pending,,,Awaiting localized head term
whois-lookup-tool,VN,,,pending,,,Awaiting localized head term
word-counter,BR,,,pending,,,Awaiting localized head term
word-counter,DE,,,pending,,,Awaiting localized head term
word-counter,ES,,,pending,,,Awaiting localized head term
word-counter,FR,,,pending,,,Awaiting localized head term
word-counter,ID,,,pending,,,Awaiting localized head term
word-counter,JP,,,pending,,,Awaiting localized head term
word-counter,KR,,,pending,,,Awaiting localized head term
word-counter,TH,,,pending,,,Awaiting localized head term
word-counter,TR,,,pending,,,Awaiting localized head term
word-counter,VN,,,pending,,,Awaiting localized head term
word-to-pdf-converter,BR,,,pending,,,Awaiting localized head term
word-to-pdf-converter,DE,,,pending,,,Awaiting localized head term
word-to-pdf-converter,ES,,,pending,,,Awaiting localized head term
word-to-pdf-converter,FR,,,pending,,,Awaiting localized head term
word-to-pdf-converter,ID,,,pending,,,Awaiting localized head term
word-to-pdf-converter,JP,,,pending,,,Awaiting localized head term
word-to-pdf-converter,KR,,,pending,,,Awaiting localized head term
word-to-pdf-converter,TH,,,pending,,,Awaiting localized head term
word-to-pdf-converter,TR,,,pending,,,Awaiting localized head term
word-to-pdf-converter,VN,,,pending,,,Awaiting localized head term
working-days-calculator,BR,,,pending,,,Awaiting localized head term
working-days-calculator,DE,,,pending,,,Awaiting localized head term
working-days-calculator,ES,,,pending,,,Awaiting localized head term
working-days-calculator,FR,,,pending,,,Awaiting localized head term
working-days-calculator,ID,,,pending,,,Awaiting localized head term
working-days-calculator,JP,,,pending,,,Awaiting localized head term
working-days-calculator,KR,,,pending,,,Awaiting localized head term
working-days-calculator,TH,,,pending,,,Awaiting localized head term
working-days-calculator,TR,,,pending,,,Awaiting localized head term
working-days-calculator,VN,,,pending,,,Awaiting localized head term
xml-formatter,BR,,,pending,,,Awaiting localized head term
xml-formatter,DE,,,pending,,,Awaiting localized head term
xml-formatter,ES,,,pending,,,Awaiting localized head term
xml-formatter,FR,,,pending,,,Awaiting localized head term
xml-formatter,ID,,,pending,,,Awaiting localized head term
xml-formatter,JP,,,pending,,,Awaiting localized head term
xml-formatter,KR,,,pending,,,Awaiting localized head term
xml-formatter,TH,,,pending,,,Awaiting localized head term
xml-formatter,TR,,,pending,,,Awaiting localized head term
xml-formatter,VN,,,pending,,,Awaiting localized head term
yaml-formatter,BR,,,pending,,,Awaiting localized head term
yaml-formatter,DE,,,pending,,,Awaiting localized head term
yaml-formatter,ES,,,pending,,,Awaiting localized head term
yaml-formatter,FR,,,pending,,,Awaiting localized head term
yaml-formatter,ID,,,pending,,,Awaiting localized head term
yaml-formatter,JP,,,pending,,,Awaiting localized head term
yaml-formatter,KR,,,pending,,,Awaiting localized head term
yaml-formatter,TH,,,pending,,,Awaiting localized head term
yaml-formatter,TR,,,pending,,,Awaiting localized head term
yaml-formatter,VN,,,pending,,,Awaiting localized head term
youtube-description-generator,BR,,,pending,,,Awaiting localized head term
youtube-description-generator,DE,,,pending,,,Awaiting localized head term
youtube-description-generator,ES,,,pending,,,Awaiting localized head term
youtube-description-generator,FR,,,pending,,,Awaiting localized head term
youtube-description-generator,ID,,,pending,,,Awaiting localized head term
youtube-description-generator,JP,,,pending,,,Awaiting localized head term
youtube-description-generator,KR,,,pending,,,Awaiting localized head term
youtube-description-generator,TH,,,pending,,,Awaiting localized head term
youtube-description-generator,TR,,,pending,,,Awaiting localized head term
youtube-description-generator,VN,,,pending,,,Awaiting localized head term
youtube-title-generator,BR,,,pending,,,Awaiting localized head term
youtube-title-generator,DE,,,pending,,,Awaiting localized head term
youtube-title-generator,ES,,,pending,,,Awaiting localized head term
youtube-title-generator,FR,,,pending,,,Awaiting localized head term
youtube-title-generator,ID,,,pending,,,Awaiting localized head term
youtube-title-generator,JP,,,pending,,,Awaiting localized head term
youtube-title-generator,KR,,,pending,,,Awaiting localized head term
youtube-title-generator,TH,,,pending,,,Awaiting localized head term
youtube-title-generator,TR,,,pending,,,Awaiting localized head term
youtube-title-generator,VN,,,pending,,,Awaiting localized head term
